No,பெயர்,பாலினம்,பிறந்த திகதி,பிறந்த இடம்,அறிமுக படம்,பணி,அறிமுகம்,உள்ளடக்கம்
1,வினய்,ஆண்,1979-09-18,"பெங்களூர், இந்தியா",உன்னாலே உன்னாலே,திரைப்பட நடிகர்,"வினய் (பிறப்பு: 18 செப்டம்பர், 1979) தென்னிந்தியத் திரைப்பட நடிகர் ஆவார். விளம்பரப் படங்களிலும் நடித்துள்ளார். இவரது தாய் மொழி துளு ஆகும்.",
2,கார்த்திக் சிவகுமார்,ஆண்,1977-05-25,"சென்னை, தமிழ்நாடு, இந்தியா ",பருத்திவீரன்,நடிகர்,"கார்த்தி என்று அழைக்கப்படும் கார்த்திக் சிவகுமார் (25 மே 1977) என்பவர் தமிழ்நாட்டுத் திரைப்பட நடிகர் ஆவார். இவர் 2004 ஆம் ஆண்டு முதல் பருத்தி வீரன் (2007), ஆயிரத்தில் ஒருவன் (2010), மெட்ராஸ் (2014) போன்ற பல திரைப்படங்களில் நடித்ததன் மூலம் தமிழ்த் திரையுலகின் முன்னணி நடிகர்களில் ஒருவராவார். இவரின் நடிப்புத்திறனால் மூன்று தென்னிந்திய பிலிம்பேர் விருதுகள், எடிசன் விருதுகள், தமிழக அரசு திரைப்பட விருதுகள் போன்றவை வென்றுள்ளார்.",
3,பிரித்விராஜ் சுகுமாரன்,ஆண்,1982-10-16,"திருவனந்தபுரம், கேரளா",கனா கண்டேன்,"நடிகர், தயாரிப்பாளர், பின்னணி பாடகர்","பிரித்விராஜ் சுகுமாரன் (பிறப்பு: 1982 அக்டோபர் 16) ஒரு இந்திய நடிகர், தயாரிப்பாளர், பின்னணிப் பாடகர். இவர் மலையாளம், தமிழ், தெலுங்கு, இந்தி மொழித் திரைப்படங்களில் நடித்துள்ளார். இவர் 2002 ஆம் ஆண்டு நந்தனம் என்ற மலையாள மொழித் திரைப்படத்தின் மூலம் திரைப்படத்துறைக்கு அறிமுகமானார். அதை தொடர்ந்து பாரிஜாதம், மொழி, கண்ணாமூச்சி ஏனடா, நினைத்தாலே இனிக்கும், ராவணன், உருமி உள்ளிட்ட 80 க்கும் அதிகமான திரைப்படங்களில் நடித்ததன் மூலம் நன்கு அறிமுகமான நடிகர் ஆனார்.",இவர் 2006 ஆம் ஆண்டு சிறந்த நடிகருக்கான கேரள மாநில திரைப்பட விருதை வென்றார் என்பது குறிப்பிடத்தக்கது.
4,ஜீவா,ஆண்,1984-01-04,"சென்னை, இந்தியா",ஆசை ஆசையாய்,திரைப்பட நடிகர்,"ஜீவா (பிறப்பு - ஜனவரி 4, 1984, இயற்பெயர் - அமர்) தமிழ்த் திரைப்பட நடிகராவார். திரைப்படத் தயாரிப்பாளரான ஆர். பி. சௌத்ரி இவரது தந்தையும், திரைப்பட நடிகரான ரமேஷ் இவரது உடன் பிறந்தவரும் ஆவர். தொடக்கத்தில் வழக்கமான திரைப்பட நடிகராக அறிமுகமான இவர், தற்பொழுது மாறுபட்ட கதைப் பாத்திரங்களை தேர்ந்தெடுத்து நடிப்பதற்காக அறியப்படுகிறார்.[சான்று தேவை]",
5,விஷால்,ஆண்,1977-08-29,சென்னை இந்தியா,செல்லமே,நடிகர்  தயாரிப்பாளர்,"விஷால் கிருஷ்ணா ரெட்டி (பிறப்பு - ஆகஸ்ட் 29, சென்னை) தமிழ்த் திரைப்பட நடிகராவார். நடிகராவதற்கு முன் நடிகர் அர்ஜுன் இடம் உதவி இயக்குனராகவும் பணி புரிந்துள்ளார். தயாரிப்பாளர் ஜி. கே. ரெட்டி, விஷாலின் தந்தை ஆவார். இவர் பிறப்பால் தெலுங்கராக இருந்தாலும் தமிழ்த் திரைப்படங்களின் மூலமே பிரபலமானார். இவர் முதல் முதலாக நடித்த செல்லமே, சண்டக்கோழி, திமிரு ஆகிய படங்கள் வெற்றி பெற்றன. விஷால் தற்போது தென்னிந்திய நடிகர் சங்கத்தின் பொதுச்செயலாளர் பதவியிலும் உள்ளார்.[1]",
6,பரத்,ஆண்,1983-07-21,"திருச்சி, தமிழ்நாடு, இந்தியா",பாய்ஸ்,நடிகர்,"பரத் (பிறப்பு - 21 ஜூலை, 1983,சென்னை), தமிழ்த் திரைப்பட நடிகர் ஆவார். இவரது நடிப்புத் திறன் மற்றும் நடனத் திறனுக்காக அறியப்படுகிறார்.",
7,ஆர்யா,ஆண்,,காசர்கோடுகேரளா,அறிந்தும் அறியாமலும்,நடிகர்தயாரிப்பாளர்,"ஆர்யா   (பிறப்பு: டிசம்பர் 11, 1980) ஒரு தமிழ்த் திரைப்பட நடிகர் மற்றும் தயாரிப்பாளர் ஆவார். இவர் 2005ஆம் ஆண்டு விஷ்ணுவர்த்தன் இயக்கிய அறிந்தும் அறியாமலும் என்ற திரைப்படத்தின் மூலம் அறிமுகமானார். அதைத் தொடர்ந்து ஓரம் போ, நான் கடவுள், மதராசபட்டினம், பாஸ் என்கிற பாஸ்கரன், சிக்கு புக்கு, வேட்டை, சேட்டை, ராஜா ராணி, இரண்டாம் உலகம், ஆரம்பம் உள்ளிட்ட 25க்கும் மேல்பட்ட திரைப்படங்களில் நடித்ததன் மூலம் பரிசியமான நடிகர் ஆனார். ஆர்யாவிற்கும் சாயிஷாவிற்கும் மார்ச் 10, 2019 அன்று திருமணம் நடந்தது.[1]",
8,ஜெயம் ரவி,ஆண்,1980-09-10,"சென்னை, இந்தியா",ஜெயம்,திரைப்பட நடிகர்,"ஜெயம் ரவி (பிறப்பு - செப்டம்பர் 10, 1980), தமிழ்த் திரைப்பட நடிகர் ஆவார். இவர் திரைப்படத் தொகுப்பாளர் மோகனின் மகனும் இயக்குனர் எம். ராஜாவின் தம்பியும் ஆவார்.",
9,தனுஷ்,ஆண்,1983-07-28,"தேனி, தமிழ்நாடு,  இந்தியா",துள்ளுவதோ இளமை,"நடிகர், திரைப்படத் தயாரிப்பாளர், பின்னணிப் பாடகர், திரைப்படப் பாடலாசிரியர், திரைக்கதை ஆசிரியர், திரைப்பட இயக்குனர்","தனுஷ் (Dhanush, பிறப்பு: 28 சூலை 1983) என்பவர் தமிழ்நாட்டுத் திரைப்பட நடிகர், திரைப்படத் தயாரிப்பாளர், பின்னணிப் பாடகர், திரைப்படப் பாடலாசிரியர், திரைக்கதை ஆசிரியர் மற்றும் திரைப்பட இயக்குனர் ஆவார். இவர் 2002 ஆம் ஆண்டு முதல் திருடா திருடி (2003), சுள்ளான் (2004), புதுப்பேட்டை (2006), பொல்லாதவன் (2007), ஆடுகளம் (2011), 3 (2012), வேலையில்லா பட்டதாரி (2014), மாரி (2015), அசுரன் (2019) போன்ற பல தமிழ் மொழி திரைப்படங்களிலும்  மற்றும் ராஞ்சனா (2013) போன்ற இந்தி திரைப்படங்களிலும் நடித்ததன் மூலம் தமிழ்த் திரையுலகின் முன்னணி நடிகர்களில் ஒருவராவார்.[5]","இவர் 40 மேலான திரைப்படங்களில் நடித்ததன் மூலம் 14 தென்னிந்திய சர்வதேசத் திரைப்பட விருதுகள், 9 விஜய் விருதுகள், 7 தென்னிந்திய பிலிம்பேர் விருதுகள், 5 விகடன் விருதுகள், 5 எடிசன் விருதுகள், 4 தேசிய திரைப்பட விருதுகள்  மற்றும் பிலிம்பேர் விருதுகள் போன்றவை வென்றுள்ளார்.[6] இந்திய பிரபலங்களின் வருவாயை அடிப்படையாகக் கொண்ட ஃபோர்ப்ஸ் இந்தியா பிரபலங்கள் 100 பட்டியலில் தனுஷ் ஆறு முறை சேர்க்கப்பட்டுள்ளார் என்பது குறிப்பிடத்தக்கது.[7]"
10,ஸ்ரீகாந்த்,ஆண்,1979-02-28,"சென்னை, தமிழ்நாடு, இந்தியா",ரோஜாக் கூட்டம்,திரைப்பட நடிகர்,"ஸ்ரீகாந்த்  (ஆங்கில மொழி: Srikanth, பிறப்பு: பெப்ரவரி 28, 1979) தமிழ், தெலுங்கு மற்றும் மலையாளத் திரைப்படங்களில் நடித்து வரும் ஓர் தென்னிந்திய நடிகர் ஆவார். இவரது அறிமுகம் 2002ஆம் ஆண்டில் வெளியான ரோஜாக்கூட்டம் என்ற தமிழ் திரைப்படத்தில் அமைந்தது. இவரது திரைப்படங்கள் பார்த்திபன் கனவு மற்றும் தெலுங்கில் ஆடவாரி மாடலாகு அர்தலு வெருலே பெரும் வெற்றிப்படங்களாக விளங்கின.[1] தெலுங்குத் திரைப்படங்களில் இவர் ஸ்ரீராம் என்று அறியப்படுகிறார்.",
11,சாம்,ஆண்,1978-04-04,"மதுரை, தமிழ்நாடு, இந்தியா",12B,திரைப்பட நடிகர்,ஷம்சுத்தீன் இப்ராகிம் என்ற இயற்பெயரைக் கொண்ட ஷாம் தமிழ்த் திரைப்பட நடிகராவார்.,
12,சிலம்பரசன்,ஆண்,1983-02-03,"சென்னை , இந்தியா",ஒரு தாயின் சபதம்,"நடிகர், பின்னணிப்பாடகர், திரைக்கதை எழுத்தாளர், இயக்குநர், பாடலாசிரியர்
",சிலம்பரசன் தமிழ்த் திரையுலகின் முன்னணி நடிகர்களில் ஒருவரான விஜய டி. ராஜேந்தரின் மகனாவார்.[1] இவர் குழந்தை நட்சத்திரமாக அறிமுகமாகிப் பல தமிழ் திரைப்படங்களில் நடித்துள்ளார்.[2] 2002இல் முதல் முறையாக விஜய டி. ராஜேந்தர் இயக்கிய காதல் அழிவதில்லை திரைப்படத்தின் மூலமாக நாயகனாக அறிமுகமானார்.[2] 2006ஆம் ஆண்டு தமிழக அரசு இவருக்குக் கலைமாமணி விருதைக்  கொடுத்துக் கௌரவித்துள்ளது.[3],
13,மாதவன்,ஆண்,1970-06-01,"ஜாம்ஷெட்பூர், ஜார்க்கண்ட்  இந்தியா",அலைபாயுதே,திரைப்பட நடிகர்,"ஆர். மாதவன் (பிறப்பு: ஜூன் 1, 1970, ஜாம்ஷெட்பூர்) என்பவர் இந்தியத் தமிழ் திரைப்பட நடிகர், எழுத்தாளர், படத்தயாரிப்பாளர் மற்றும் நிகழ்ச்சித் தொகுப்பாளர் ஆவார். இவர் தமிழ் மற்றும் இந்தி மொழித் திரைப்படங்களில் நடித்து வருகிறார். மற்றும் நான்கு தென்னிந்திய பிலிம்பேர் விருதுகளையும் மூன்று தமிழக அரசு திரைப்பட விருதுகள்|தமிழக அரசு திரைப்பட விருதுகள்|தமிழக அரசு திரைப்பட விருதுகளையும் வென்றுள்ளார்.[3][4]","இவர் 2000ஆம் ஆண்டு இயக்குனர் மணிரத்னம் இயக்கிய அலைபாயுதே என்ற திரைப்படத்தின் மூலம் தமிழ் திரைப்படத்துறைக்கு அறிமுகமானார். இந்த திரைப்படத்தின் வெற்றியை தொடர்ந்து கௌதம் மேனன் இயக்கிய மின்னலே என்ற திரைப்படத்திலும் மற்றும் டும் டும் டும் என்ற திரைப்படத்திலும் நடித்துள்ளார். இவரின் திரைப்பட வாழ்க்க்கைக்கு இந்தத் திரைப்படங்கள் மிகப்பெரிய மைல்கற்களாக அமைந்தன. அதைத் தொடர்ந்து கன்னத்தில் முத்தமிட்டால் (2002), ரன் (2002), அன்பே சிவம் (2003), ஆய்த எழுத்து (2004), இறுதிச்சுற்று (2016), விக்ரம் வேதா (2017) போன்ற பல தமிழ் திரைப்படங்களிலும்  ரங் தெ பசந்தி (2006), குரு (2007), 3 இடியட்சு (2009) போன்ற இந்தித் திரைப்படங்களிலும் நடித்துள்ளார் ."
14,சூர்யா,ஆண்,1975-07-23,"சென்னை, தமிழ்நாடு, இந்தியா ",நேருக்கு நேர்,நடிகர்,"சூர்யா (சூலை 23, 1975) என்பவர் தமிழ்நாட்டுத் திரைப்பட நடிகர், திரைப்படத் தயாரிப்பாளர் மற்றும் தொலைக்காட்சித் தொகுப்பாளர் ஆவார். இவர் 1997 ஆம் ஆண்டு முதல் நேருக்கு நேர் (1997), நந்தா (2001), காக்க காக்க (2003), 
பிதாமகன் (2003), பேரழகன் (2004), வேல் (2007) , வாரணம் ஆயிரம் (2008), ஏழாம் அறிவு (2011), 24 (2016) போன்ற பல வெற்றித் திரைப்படங்களில் நடித்ததன் மூலம் தமிழ்த் திரையுலகின் முன்னணி நடிகர்களில் ஒருவராவார்.[3]","இவரின் நடிப்புத் திறனால் மூன்று தமிழக அரசு திரைப்பட விருதுகள், நான்கு தென்னிந்திய பிலிம்பேர் விருதுகள், இரண்டு எடிசன் விருதுகள், ஒரு சினிமா விருதுகள் மற்றும் விஜய் விருதுகள் போன்றவை வென்றுள்ளார்.[4] இந்திய பிரபலங்களின் வருவாயை அடிப்படையாகக் கொண்ட ஃபோர்ப்ஸ் இந்தியா பிரபலங்கள் 100 பட்டியலில் சூர்யா ஆறு முறை சேர்க்கப்பட்டுள்ளார் என்பது குறிப்பிடத்தக்கது.இவர் 2012 ஆம் ஆண்டு விஜய் தொலைக்காட்சியில் ஒளிபரப்பான நீங்களும் வெல்லலாம் ஒரு கோடி என்ற நிகழ்ச்சியின் மூலம் தொகுப்பாளராக அறிமுகமானார்."
15,அஜித் குமார்,ஆண்,1971-05-01,"ஐதராபாத் , இந்தியா  (தற்போதைய தெலுங்கானா)",அமராவதி,திரைப்பட நடிகர்,"அஜித் குமார், (Ajith Kumar, பிறப்பு மே 1, 1971) தென்னிந்திய தமிழ்த் திரைப்பட நடிகர் ஆவார். இவர் காதல் கோட்டை, காதல் மன்னன், வாலி, அமர்க்களம், தீனா, பூவெல்லாம் உன் வாசம், வில்லன், அட்டகாசம், வரலாறு, கீரிடம், பில்லா, அசல், மங்காத்தா, பில்லா 2 போன்ற பல படங்களில் நடித்துள்ளார். இவரது ரசிகர்கள் இவரை அல்டிமேட் ஸ்டார் என்றும் தல என்றும் அழைக்கிறார்கள். அஜித் குமார், கார் பந்தயங்களிலும் பங்கு பெற்றுள்ளார். ஃபோர்ப்ஸ் பத்திரிகை வெளியிடும் இந்தியாவின் புகழ்பெற்ற மனிதர்கள் 2012 ஆம் ஆண்டு பட்டியலில் அஜித் குமார் 61ஆவது இடத்தினைப் பெற்றார்.[2] 2014 ஆவது ஆண்டிற்கான இப்பட்டியலில் 10 இடங்கள் முன்னேறி 51 ஆவது இடத்தைப் பிடித்தார்.[3] மேலும் 2013-வது ஆண்டில் கூகுளில் அதிகம் தேடப்பட்ட தென்னிந்திய திரைப்பட நடிகரும் ஆவார்.[4]",
16,விஜய்,ஆண்,1974-06-22,சென்னை தமிழ்நாடு இந்தியா,நாளைய தீர்ப்பு,"திரைப்பட நடிகர், தயாரிப்பாளர், நடன அமைப்பாளர், பின்னணிப் பாடகர்
","விஜய் (ஆங்கில மொழி: Vijay, பிறப்பு: சூன் 22, 1974; இயற்பெயர்: ஜோசப் விஜய்[1]) தமிழ்த் திரைப்பட நடிகர் ஆவார். தொடக்கத்தில் இவர் தனது தந்தையான எஸ். ஏ. சந்திரசேகர் இயக்கிய திரைப்படங்களில் நடித்து வந்தார். ஏறத்தாழ 10 படங்களுக்குப் பிறகு தனது இடத்தைத் தக்கவைத்துக் கொண்டார். இவர் தற்போது தமிழ்த் திரைப்படத்துறையில் முதன்மை நடிகர்களுள் ஒருவராகக் காணப்படுகிறார். விஜயின் ரசிகர்கள் அவரை ""இளையதளபதி"" என்று அழைக்கிறார்கள். இவருக்குப் புலம்பெயர்ந்த இந்தியர்கள் உட்பட சீனா,[2] சப்பான்[3], ஐக்கிய இராச்சியம்[4] மற்றும் பிரான்ஸ் ஆகிய நாடுகளில் நேயர்கள் உள்ளனர்.[5] இவரது படங்கள் ஐந்து கண்டங்கள் மற்றும் எண்பது நாடுகளில் வெளியாகி உள்ளன.[6][7]","விஜய் தனது 10வது வயதில் வெற்றி (1984) என்ற திரைப்படத்தில் குழந்தை நடிகராக அறிமுகம் ஆனார். தனது தந்தை இயக்கிய இது எங்கள் நீதி (1988) திரைப்படம் வரை குழந்தை நடிகராகத் தொடர்ந்து நடித்தார். பின்னர் 18ம் வயதில் தன் தந்தை இயக்கிய நாளைய தீர்ப்பு (1992) படத்தில் முதன்முறையாக முதன்மை நடிகராக நடித்தார். ஆனால் விக்ரமன் இயக்கிய பூவே உனக்காக (1996) திரைப்படம் தான் இவருக்குத் திருப்புமுனையாக அமைந்தது.[8][9] இன்று வரை விஜய் கதாநாயகனாக 62 திரைப்படங்களில் நடித்துள்ளார். 3 தமிழக அரசு திரைப்பட விருதுகள், 1 காஸ்மோபாலிடன் விருது, 1 இந்தியா டுடே விருது, 1 சிமா விருது, 8 விஜய் விருதுகள், 3 எடிசன் விருதுகள், 2 விகடன் விருதுகள் உட்பட 50 விருதுகளை வென்றுள்ளார். ஒரு முறை ஐக்கியப் பேரரரசின் நாட்டு திரைப்பட விருதுகளுக்குப் பரிந்துரைக்கப்பட்டுள்ளார்.[10]"
17,அப்பாஸ்,ஆண்,1975-05-21,"கொல்கத்தா, இந்தியா",காதல் தேசம்,திரைப்பட நடிகர்,"அப்பாஸ் என்றறியப்படும் மிர்சா அப்பாஸ் அலி (ஆங்கில மொழி: Mirza Abbas Ali) ஒரு இந்தியத் திரைப்பட நடிகர். இவர் தமிழ், மலையாளம், தெலுங்கு, இந்தி மொழித் திரைப்படங்களில் நடித்துள்ளார்.","கொல்கத்தாவில் பிறந்து, மும்பையில் படித்து, பெங்களூரில் நடிக்கத் தொடங்கியவர். இவர் காதல் வைரஸ், இனி எல்லாம் சுகமே, கண்ணெழுதி தொட்டும் பொட்டு படையப்பா, மலபார் போலீஸ், விண்ணுக்கும் மண்ணுக்கும், ஆனந்தம், அழகிய தீயே முதலிய திரைப்படங்களில் நடித்துள்ளார்."
18,பிரசாந்த்,ஆண்,,தங்கை பெயர்: பிரீத்தி,வைகாசி பொறந்தாச்சு,"நடிகர்
","பிரசாந்த் (Prashanth, பிறப்பு: ஏப்ரல் 6, 1973) தமிழ்த் திரைப்பட நடிகர்  ஆவார். இவர் பிரபல இந்தியத் திரைப்பட இயக்குனரும் நடிகருமான தியாகராஜனின் மகன் ஆவர்.",
19,பிரபுதேவா,ஆண்,1973-04-03,"இந்திய ஒன்றியம், மைசூர் மாநிலம், மைசூர்",,நடிகர்இயக்குனர்நடன அமைப்பாளர்தயாரிப்பாளர்,"பிரபுதேவா ( ஏப்ரல் 3, 1973, சென்னை) இந்தியத் திரைப்பட நடிகர், நடன அமைப்பாளர் மற்றும் திரைப்பட இயக்குநர் ஆவார். இவர் நடன ஆசிரியர் சுந்தரத்தின் மகனாவார். தாயார் பெயர் மகாதேவம்மா. ராஜு சுந்திரம் மற்றும் நாகேந்திர பிரசாந்த்  இரு சகோதரன் உண்டு .   இவரன் வேகமாக நடனமாடும் திறமைக்காக இவர் இந்தியாவின் மைக்கல் ஜாக்சன் என்று பிரபலமாக அறியப் படுகின்றார். இவரது முதலாவது நடனம் வெற்றிவிழாத் திரைப்படத்திற்கானதாகும். இவர் இன்றுவரை சுமார் நூற்றுக்கும் மேற்பட்ட திரைப்படங்களில் நடனமாடியுள்ளார். மின்சார கனவு திரைப்படத்தில் இடம்பெற்ற வெண்ணிலவே வெண்ணிலவே பாடலில் சிறப்பான திறமையை வெளிப்படுத்திய பிரபுதேவா சிறந்த நடன ஆசிரியருக்கான இந்திய தேசிய திரைப்பட விருதைப் பெற்றுள்ளார்.","நடன ஆசிரியராக பல திரைப்படங்களில் பங்காற்றிய இவர் 1989 ஆவது ஆண்டில் வெளியான இந்து திரைப்படத்தில் நடிகை ரோஜாவுடன் இணைந்து நடித்தார். இதுவே இவர் முழுநேர கதாநாயகனாக நடித்த முதல் திரைப்படமாகும். நடிப்பைத் தொடர்ந்து இயக்குனராகவும் அவதாரம் எடுத்த இவர் போக்கிரி, வில்லு உட்பட பல தமிழ் மற்றும் இந்தி திரைப்படங்களை இயக்கியுள்ளார்."
20,விக்ரம்,ஆண்,1966-04-17,"சென்னை, தமிழ்நாடு, இந்தியா ",தந்துவிட்டேன் என்னை,நடிகர்திரைப்பட தயாரிப்பாளர்பின்னணி பாடகர்குரல் நடிகர்,"விக்ரம் (17 ஏப்ரல் 1966) என்பவர் தமிழ்நாட்டுத் திரைப்பட நடிகர், திரைப்படத் தயாரிப்பாளர், பின்னணிப் பாடகர் மற்றும் குரல் நடிகர் ஆவார். இவர் 1990 ஆம் ஆண்டு முதல் சேது  (1999), விண்ணுக்கும் மண்ணுக்கும் (2001), சாமி (2003), பிதாமகன் (2003), ஐ (2015) போன்ற தமிழ் மொழி திரைப்படங்களிலும், தெலுங்கு மற்றும் மலையாளத் திரைப்படங்களிலும் நடித்ததன் மூலம் தமிழ்த் திரையுலகின் முன்னணி நடிகர்களில் ஒருவராவார்.",இவர் தமிழ்த் திரைப்படத் துறையில் பணி புரிந்த வரையில் 7 பிலிம்பேர் விருதுகள் பெற்றுள்ளார். அது மட்டுமின்றி சிறந்த நடிகருக்கான ஒரு தேசிய விருதும் தமிழ் நாடு மாநில விருதும் பெற்றுள்ளார். இவருக்கு மிலான் பல்கலைக்கழகம் 2011 ஆம் ஆண்டு மே மாதம் அன்று கௌரவ டாக்டர் பட்டம் வழங்கியது. தனது நடிப்பாற்றல் மூலமாகத் தமிழ்த் திரையுலகில் முன்னணி இடம் வகிக்கும் நடிகருள் இவரும் ஒருவர்.[3]
21,விவேக்,ஆண்,1961-11-19,"கோவில்பட்டி, தூத்துக்குடி மாவட்டம், தமிழ்நாடு, இந்தியா",,"நடிகர், சமூக செயற்பாட்டாளர்","விவேக் (Vivek, 19 நவம்பர் 1961 - 17 ஏப்ரல் 2021)[5] தமிழ்த் திரைப்பட நகைச்சுவை நடிகர் ஆவார். இவரது நகைச்சுவை இலஞ்சம், மக்கள்தொகைப் பெருக்கம், அரசியல் ஊழல்கள், மூட நம்பிக்கைப் போன்றவற்றை இடித்துரைப்பதால் இவரை சிலர் சின்னக் கலைவாணர் என்றும் சனங்களின் கலைஞன் என்றும் அடைமொழியிட்டு அழைக்கின்றனர்.",
22,துரைசாமி நெப்போலியன்,ஆண்,1963-12-02,"திருச்சி, தமிழ்நாடு",புது நெல்லு புது நாத்து,திரைப்பட நடிகர்,"நெப்போலியன் என அழைக்கப்படும் குமரேசன் துரைசாமி[1]
(Kumaresan Duraisamy or Napoleon),  (பிறப்பு: டிசம்பர் 2, 1963) தென்னிந்தியத் திரைப்பட நடிகரும், அரசியல்வாதியும் ஆவார். இவர் பெற்றோர் பெயர் துரை சாமி ரெட்டியார் தாயார் பெயர் சரஸ்வதி அம்மாள் . இவர்  7 பிள்ளைகள் .இவர் 2009 ஆம் ஆண்டு 15 வது மக்களவைத் தேர்தலில் பெரம்பலூர் தொகுதியில் திராவிட முன்னேற்றக் கழகம் சார்பில் தேர்ந்தெடுக்கப்பட்டு மன்மோகன் சிங் அமைச்சரவையில் மத்திய சமூகநீதி இணையமைச்சராகப் பொறுப்பு வகித்தார்.[2] தமிழ்த் திரையுலகிற்கு புது நெல்லு புது நாத்து என்னும் திரைப்படத்தின் மூலம் அறிமுகமானவர். இவர் மொத்தம் 70 திரைப்படங்களுக்கு மேல் நடித்துள்ளார்.",
23,வடிவேலு,ஆண்,1960-09-12,"மதுரை, தமிழ்நாடு, ",,"நடிகர், நகைச்சுவை நடிகர், பின்னணிப் பாடகர்","வடிவேல் (vadivelu, பிறப்பு: செப்டம்பர் 12, 1960)[1] தமிழ்த் திரைப்பட நடிகரும், பின்னணிப் பாடகரும் ஆவார். இவர் மதுரையை சேர்ந்தவர். 1988 இல் டி.ராஜேந்தர் இயக்கிய என் தங்கை கல்யாணி என்ற திரைப்படத்தின் மூலமாகத் தமிழ்த் திரையுலகத்திற்கு அறிமுகமானார்.",வடிவேலு தனது அசாத்தியமான நகைச்சுவை கலந்த நடிப்புத் திறமையால் வைகைப்புயல் என்னும் பட்டப்பெயருடன் பரவலாக அறியப்படுகிறார்.[2]
24,சார்லி,ஆண்,1960-03-06,"கோவில்பட்டி, தூத்துக்குடி, தமிழ்நாடு",உன்னைப் போல் ஒருவன்,"திரைப்பட நடிகர், நகைச்சுவை நடிகர்","வேல்முருகன் தங்கசாமி மனோகர் (Velmurugan Thangasamy Manohar)  தமிழ் சினிமாவில் பணியாற்றும் ஓர் இந்திய திரைப்பட நடிகர் ஆவார்.[2] தொழில்ரீதியாக இவர் சார்லி என்று அழைக்கப்படுகிறார்.இயக்குநர் கே. பாலசந்தரின் பொய்க்கால் குதிரை திரைப்படம் மூலம் 1983 ஆம் ஆண்டில் அறிமுகமானார். நகைச்சுவை நடிகராகவும், துணை நடிகராகவும் 800 எண்ணிக்கைக்கும் மேற்பட்ட தமிழ் படங்களில் நடித்துள்ளார்.  ஆங்கில நகைச்சுவை நடிகர் சார்லி சாப்ளின் நினைவாக இவருக்கு சார்லி என்ற பெயர் வழக்கில் வந்தது.[3]",
25,சரத்குமார்,ஆண்,1954-07-14,"புது தில்லி, தில்லி, இந்தியா",,"திரைப்பட நடிகர், அரசியல்வாதி
","சரத்குமார்,(பிறப்பு சூலை 14, 1954[2]) தமிழ்த் திரைப்பட நடிகர் மற்றும் தமிழ்நாட்டு அரசியல்வாதி ஆவார். இவர் நடிகை ராதிகாவின் கணவரும் ஆவார் .முன்னாள் தென்னிந்திய திரைப்பட கலைஞர்கள் சங்க தலைவர். தமிழ் திரைப்பட உலகில் புகும்போது எதிர்மறை வேடங்களில் நடித்து வந்தவர், சூரியன் படத்தில் முதன்மை வேடத்தில் நடித்து சிறப்பு கவனம் பெற்றார். அரசியல் இயக்கங்களில் பங்கேற்ற இவர் தற்போது அகில இந்திய சமத்துவ மக்கள் கட்சி என்னும் அரசியல்கட்சியினை துவக்கி நடத்தி வருகிறார். இவர் நாடாளுமன்ற மாநிலங்களவை  உறுப்பினராக பணியாற்றி உள்ளார்.[சான்று தேவை] இவர் 2011ல் தென்காசி தொகுதியிலிருந்து வெற்றி பெற்று தமிழக சட்டபேரவை உறுப்பினராக  பணியாற்றினார்.[சான்று தேவை]",
26,செந்தில்,ஆண்,,,,"நகைச்சுவை நடிகர், அரசியல்வாதி","செந்தில் (பிறப்பு: மார்ச் 23, 1951), தமிழ்த் திரைப்பட நகைச்சுவை நடிகர் மற்றும் அரசியல்வாதியும் ஆவார்.இவரும் நகைச்சுவை நடிகர் கவுண்டமணியும் சேர்ந்து பல நகைச்சுவை படங்களில் நடித்து இன்று வரை மக்கள் மத்தியில் நீங்கா இடம்பெற்றுள்ளனர்.",
27,கவுண்டமணி,ஆண்,1939-05-25,"உடுமலைப்பேட்டை, கோயம்புத்தூர் DT ",,"நடிகர், நகைச்சுவை நடிகர்","கவுண்டமணி (பிறப்பு: மே 25) ஓர் தமிழ்த் திரைப்பட நடிகர் நகைச்சுவை நடிகர் ஆவார். பெரும்பாலான திரைப்படங்களில் இவர் நகைச்சுவை நடிகர் செந்திலுடன் இணையாக நடித்திருக்கிறார். இந்த இணை, ஹாலிவுட் நகைச்சுவை இணையான  லாரல் மற்றும் ஹார்டியுடன் ஒப்பு நோக்கி பாராட்டப்படுவதுண்டு.",
28,விஜயகுமார்,ஆண்,1943-08-29,"நாட்டுச்சாலை, பட்டுக்கோட்டை, தமிழ்நாடு",,நடிகர்,"விஜயகுமார் (பிறப்பு: ஆகத்து 29, 1943) தென்னிந்திய திரைப்பட நடிகராவார். பல்வேறு வகையான கதாபாத்திரங்களில் பெருமளவு இவர் தமிழ்த் திரைப்படங்களில் நடித்துள்ளார். ஒரு சில இந்தி மற்றும் தெலுங்கு மொழிப் படங்களில் நடித்த இவர் தற்பொழுது தந்தை வேடங்களில் நடித்து வருகிறார். 1961ல் வெளிவந்த சிறீ வள்ளி என்ற திரைப்படத்தில் முருகனாக நடித்துள்ளார், 400க்கும் மேற்பட்ட திரைப்படங்களில் நடித்துள்ளார்.[3]",
29,சத்யராஜ்,ஆண்,1954-10-03,"கோயமுத்தூர், தமிழ்நாடு, இந்தியா",,"திரைப்பட நடிகர், இயக்குனர், தயாரிப்பாளர்
","சத்யராஜ் சுப்பையன் (Sathyaraj, பிறப்பு: அக்டோபர் 3, 1954) கோவை மாவட்டத்தைச் சேர்ந்த தமிழ்த் திரைப்பட நடிகர் ஆவார். இவரது இயற்பெயர் ரெங்கராஜ் ஆகும். இவர் எதிர்மறை நடிகராகத் தன் நடிப்பு வாழ்க்கையை ஆரம்பித்து, பின்னர் கதாநாயகனாக நடித்து வருகிறார். இவர் எம்.ஜி.ஆரின் தீவிர ரசிகர். இவரது மகன் சிபிராஜ் தமிழ்த் திரைப்பட நடிகர் ஆவார். இவர் ஒரு கடவுள்மறுப்பு கொள்கையுடையவர். இவர் நடிகர் மணிவண்ணனின் கல்லூரி நண்பர் ஆவார்.",வில்லாதி வில்லன் திரைப்படத்தினை இயக்கி நடித்துள்ளார். லீ என்ற திரைப்படத்தினை தயாரித்துள்ளார். இப்படத்தில் இவர் மகன் சிபிராஜ் கதாநாயகனாக நடித்தார்.[1]
31,சனகராஜ்,ஆண்,,"சென்னை, தமிழ்நாடு, இந்தியா",,நகைச்சுவை நடிகர்,ஜனகராஜ்  (Janagaraj) தமிழ்த் திரைப்படங்களில் பெரும்பாலும் நகைச்சுவை வேடங்களில் நடித்த ஓர் திரைப்பட நடிகராவார். 100 திரைப்படங்களுக்கும் மேலாக நகைச்சுவை மற்றும் குணச்சித்திர நடிகராக நடித்துள்ளார். நகைச்சுவை நடிகர்களான கவுண்டமணி செந்தில் சோடிக்கு  போட்டியாக இருந்தார்.,
32,அர்ஜுன்,ஆண்,1964-08-15,இந்தியா,,திரைப்பட நடிகர்,"அர்ஜூன் (Arjun, பிறப்பு: ஆகஸ்டு 15, 1964) புகழ் பெற்ற தென்னிந்தியத் திரைப்பட நடிகரும் இயக்குனரும் ஆவார். இவரது தந்தை ஜே. சி. ராமசாமி (எ) சக்தி பிரசாத் ஒரு முன்னாள் புகழ் பெற்ற கன்னடத் திரைப்பட நடிகர் ஆவார். அர்ஜூன் தமிழ், தெலுங்கு, கன்னடம், மலையாளம், மற்றும் இந்தி ஆகிய மொழித் திரைப்படங்களில் நடித்துள்ளார். இவர் அதிகமான சண்டைக் காட்சித் திரைப்படங்களில் நடித்ததால், இவருக்கு ""ஆக்சன் கிங்"" எனும் பட்டம் இரசிகர்களால் வழங்கப்பட்டது. இவர் கராத்தே சண்டைக் கலையில் கருப்புப் பட்டி பெற்றுள்ளார்.[2][3][4][5][6][7]",
33,விசயகாந்து,ஆண்,1952-08-25,"மதுரை, சென்னை மாநிலம் (தற்போது தமிழ்நாடு, இந்தியா)",," நடிகர்
தயாரிப்பாளர்
அரசியல்வாதி","விசயகாந்து (Vijayakanth, பிறப்பு: 25 ஆகத்து 1952) ஒரு திரைப்பட நடிகரும், தேசிய முற்போக்கு திராவிடக் கழகம் என்னும் அரசியல் கட்சியின் தலைவரும் ஆவார். 2011 ஆம் ஆண்டு முதல் 2016 ஆம் ஆண்டு வரை தமிழ்நாடு சட்ட மன்ற உறுப்பினராகவும், எதிர்க்கட்சித் தலைவராகவும் இருந்தார்.",
34,விசயகாந்து,ஆண்,1952-08-25,"மதுரை, சென்னை மாநிலம் (தற்போது தமிழ்நாடு, இந்தியா)",,"நடிகர்
தயாரிப்பாளர்
அரசியல்வாதி","விசயகாந்து (Vijayakanth, பிறப்பு: 25 ஆகத்து 1952) ஒரு திரைப்பட நடிகரும், தேசிய முற்போக்கு திராவிடக் கழகம் என்னும் அரசியல் கட்சியின் தலைவரும் ஆவார். 2011 ஆம் ஆண்டு முதல் 2016 ஆம் ஆண்டு வரை தமிழ்நாடு சட்ட மன்ற உறுப்பினராகவும், எதிர்க்கட்சித் தலைவராகவும் இருந்தார்.",
35,பாக்யராஜ்,ஆண்,1953-01-07,"வெள்ளன்கோயில்,கோபிசெட்டிபாளையம், தமிழ்நாடு, இந்தியா ",கிழக்கே போகும் ரயில்,"நடிகர், இயக்குனர், தயாரிப்பாளர்","கே.பாக்யராஜ் (Bhagyaraj, பிறப்பு: சனவரி 7, 1953) ஈரோடு மாவட்டம், கோபிச்செட்டிபாளையம்  அருகே உள்ள வெள்ளன்கோயில் என்னும் ஊரில் பிறந்தவர். பெற்றோர் பெயர்  கிருஷ்ணசாமி-அமராவதி அம்மாள்   மூன்றாவது மகனாக பிறந்தார்.  செல்வராஜ், தன்ராஜ் என இரு அண்ணன்கள் உண்டு . தமிழ்த் திரையுலகில், நடிகர், வசன எழுத்தாளர் , திரைக்கதை அமைப்பாளர் , இயக்குனர், சிறப்பு வேடமேற்கும் நடிகர், தயாரிப்பாளர் மற்றும் பத்திரிகையாளர் எனப் பன்முகம் கொண்ட ஒரு கலைஞர். இயக்குனர் பாரதிராஜாவிடம் உதவி இயக்குனராக, 16 வயதினிலே, கிழக்கே போகும் ரயில், சிகப்பு ரோஜாக்கள் ஆகிய படங்களில் திரைப்படக்கலை பயின்றவர்.",
36,பாண்டியராஜன்,ஆண்,1959-10-02,"சைதாப்பேட்டை, சென்னை, தமிழ்நாடு, இந்தியா",,"நடிகர், இயக்குனர், திரைக்கதை","பாண்டியராஜன் (Pandiarajan, பிறப்பு : 2 அக்டோபர் 1959) என்பவர் தமிழ்நாட்டுத் திரைப்பட நடிகர் ஆவார். இவர் நகைச்சுவை கதாப்பாத்திரத்திலும், குணச்சித்திர வேடத்திலும் நடித்துள்ளார்.[3]",
37,கமல்ஹாசன்,ஆண்,1954-11-07,"(தற்போது  தமிழ்நாடு, இந்தியா)",களத்தூர் கண்ணம்மா,"நடிகர்திரைப்பட தயாரிப்பாளர்திரைப்பட இயக்குனர்திரைக்கதைபின்னணி பாடகர்பாடலாசிரியர்தொலைக்காட்சி தொகுப்பாளர்நடனமாடுபவர்அரசியல்வாதி
","கமல்ஹாசன் (Kamal Haasan,[4] பிறப்பு:07 நவம்பர் 1954) ஒரு புகழ்பெற்ற இந்தியத் திரைப்பட நடிகரும் மற்றும் அரசியல்வாதியும் ஆவார். இவர் சில திரைப்படங்களை இயக்கியும் உள்ளார். இவரின் மாறுபட்ட வேடங்களைக் கொண்ட நடிப்பிற்காக பரவலாக அறியப்படுகிறார்.[5][6][7]","கமல்ஹாசன் சிறந்த குழந்தை நட்சத்திரம் மற்றும் சிறந்த நடிகர் என்ற முறையில் 4 தேசிய விருதுகளும், சிறந்த படம் என்ற முறையில் தயாரிப்பாளராக 1 தேசிய விருதும், 10 தமிழக அரசு திரைப்பட விருதுகள்கள், 4 ஆந்திர அரசின் நந்தி விருதுகள், 19 பிலிம்பேர் விருதுகள் உள்ளடங்கலாக பல இந்திய விருதுகளை வென்றுள்ளார், இவர் சிறந்த பிறமொழிப்படத்திற்கான, அகாதமி விருதிற்கு இந்தியாவிலிருந்து பரிந்துரைக்கப்பட்ட திரைப்படங்களில் அதிகமானவற்றிலும் நடித்திருந்தார்.[8] நடிகராக மட்டுமல்லாது திரைக்கதையாசிரியர், இயக்குநர், பாடலாசிரியர், பின்னணிப் பாடகர், நடன அமைப்பாளர் எனப் பன்முகத்தன்மை கொண்டவராக விளங்குகின்றார்.[9] இந்திய திரைத்துறைக்கு ஆற்றிய பணிக்காக பத்ம பூசண், பத்மசிறீ விருதும் அவருக்கு வழங்கப்பட்டுள்ளது.[10] அத்துடன் சத்தியபாமா பல்கலைக்கழகம் கமல்ஹாசனிற்கு கௌரவ முனைவர் பட்டம் வழங்கி கௌரவித்தது.[11] 2019 இல் 60 ஆண்டுகளை திரைத்துறையில் நிறைவுசெய்த இந்திய நடிகர்கள் மிகச்சிலரில் ஒருவரானார்."
38,இரசினிகாந்து,ஆண்,1950-12-12,"கர்நாடகா, இந்தியா",அபூர்வ ராகங்கள்,திரைப்பட நடிகர்,"சிவாஜி ராவ் கெயிக்வாட் (பிறப்பு: திசம்பர் 12, 1950; Shivaji Rao Gaekwad; மராட்டி: रजनीकांत/शिवाजीराव गायकवाड, சிவாஜிராவ் காயகவாடு) என்பவர் இரசினிகாந்து[1] (RajiniKanth) என்ற திரையரங்கப் பெயர் கொண்ட ஓர் இந்தியத் திரைப்பட நடிகர் ஆவார்.[2] இவர் பெரும்பான்மையாக தமிழ்த் திரைப்படங்களில் நடிப்பவர். பெங்களூர் போக்குவரத்துக் கழகத்தில் நடத்துனர் வேலை பார்த்துக் கொண்டிருந்த  போது நாடகத் திரைப்படங்களில் நடிக்கத் தொடங்கினார். 1973 ஆம் ஆண்டில் சென்னைத் திரைப்படக் கல்லூரியில்  சேர்ந்தார். அங்கு நடிப்பிற்கான பட்டயம் பெற்றார். இவரின் முதல் திரைப்படம் அபூர்வ ராகங்கள். இதனை கைலாசம் பாலசந்தர் இயக்கினார். இந்தப் படம் உட்பட இவரின் தொடக்ககாலத்தில் எதிராளிக் கதாப்பத்திரங்களில் நடித்தார். இவருடைய  நேயர்கள் (இரசிகர்கள்) இவரைத் தலைவர் என்றும் ""சூப்பர் ஸ்டார்"" என்றும் அழைக்கின்றனர்.",2007 ஆம் ஆண்டில் ஷங்கரின் இயக்கத்தில் வெளிவந்த சிவாஜி திரைப்படத்திற்காக 26 கோடி ரூபாய் சம்பளமாகப் பெற்றார். இதன்மூலம் ஆசியாவிலேயே நடிகர் ஜாக்கி சான்-னுக்கு அடுத்தபடியாக அதிக அளவில் சம்பளம் வாங்கும் நடிகர் ஆனார்.[3]
39,சுருளி ராஜன்,ஆண்,,"பெரியகுளம், தமிழ்நாடு, இந்தியா",,"நடிகர்,",சுருளி ராஜன் (Suruli Rajan) தமிழ்த் திரைப்பட நகைச்சுவை நடிகர்.[1] இவருக்கு 1981-82 ஆண்டிற்கான தமிழக அரசின் சிறந்த நகைச்சுவை நடிகருக்கான விருது வழங்கப்பட்டுள்ளது.,
40,தேங்காய் சீனிவாசன்,ஆண்,1937-10-21,"தமிழ்நாடு, இந்தியா",,நடிகர்,"தேங்காய் சீனிவாசன் (Thengai Srinivasan, 21 அக்டோபர் 1937 – 9 நவம்பர் 1987) 1970-களிலும், 1980-களிலும் பிரபலமாக இருந்த தமிழ் நடிகர் ஆவார். இவர் கல் மனம் என்னும் நாடகத்தில் தேங்காய் வியாபாரியாக நடித்ததால் தேங்காய் ஸ்ரீநிவாசன் என்று பரவலாக அறியப்பட்டார். இவர் நகைச்சுவை கதாபாத்திரங்களிலும், கதையின் நாயகனாக, எதிர் நாயகனாக, குணசித்திரக் கதாபாத்திரங்களிலும் நடித்தார்.[1]",
41,நாகேஷ்,ஆண்,1933-09-27,"கொழிஞ்சிவாடி, தாராபுரம், தமிழ்நாடு, இந்தியா ",காதலிக்க நேரமில்லை,நடிகர்,"நாகேஷ் (இயற்பெயர் செய்யூர் கிருஷ்ணாராவ் நாகேஷ்வரன், செப்டம்பர் 27, 1933 - சனவரி 31, 2009) த‌மிழ்த் திரைப்பட நகைச்சுவை நடிக‌ராவார். இவர் நகைச்சுவை நடிக‌ராகவும், துணை நடிகர், வில்லனாகவும் தெலுங்கு, மலையாளம், இந்தி மற்றும் கன்னடம் ஆகிய மொழிகளில் 1000 திரைப்படங்களுக்கும் மேல் நடித்துள்ளார். இவரின் நகைச்சுவை பாணி ஹாலிவுட் நடிகர் ஜெர்ரி லூயிஸின் பாணியை ஒத்திருந்ததாகக் கூறப்படுகின்றது.",
42,சிவாஜி கணேசன்,ஆண்,1928-10-01,"விழுப்புரம், தமிழ்நாடு, இந்தியா ",பராசக்தி,திரைப்பட நடிகர்,"சிவாஜி கணேசன் (Sivaji Ganesan, அக்டோபர் 1, 1928 - சூலை 21, 2001) புகழ் பெற்ற தமிழ் திரைப்பட நடிகர் ஆவார். இவரது இயற்பெயர் விழுப்புரம் சின்னையா மன்ராயா் கணேசமூர்த்தி ஆகும்.[2] இவர், பி. ஏ. பெருமாள் முதலியார்[3] என்பவர் தயாரித்த பராசக்தி என்ற திரைப்படத்தின் மூலம் தமிழ்த் திரையுலகில் அறிமுகமானார்.",
43,ம. கோ. இராமச்சந்திரன்,ஆண்,1917-01-17,"நாவலப்பிட்டி, இலங்கை",சதி லீலாவதி,"நடிகர், தயாரிப்பாளர், இயக்குனர், எழுத்தாளர், அரசியல்வாதி
","எம். ஜி. ஆர் என்ற பெயரில் புகழ் பெற்ற, மருதூர் கோபாலன் மேனன் இராமச்சந்திரன் (எம். ஜி. இராமச்சந்திரன், சனவரி 17, 1917 – திசம்பர் 24, 1987), தமிழ்த் திரைப்பட நடிகராகவும் 1977 முதல் இறக்கும் வரை தமிழ்நாட்டின் தொடர்ந்து மூன்று முறை முதலமைச்சராகவும் இருந்தவர்.","எம். ஜி. சக்கரபாணிக்குத் தம்பியான இவர், தொடக்க காலத்தில் நாடகங்களில் நடித்தார்.[1] காந்தியடிகளின் கருத்துகளால் ஈர்க்கப்பெற்று இந்திய தேசிய காங்கிரசில் இணைந்தார்.[2] 1936 இல் சதிலீலாவதி என்ற திரைப்படம் மூலம் தமிழக திரைத்துறையில் அறிமுகமாகி, கதாநாயகனாக மாறிய பிறகு, அறிஞர் அண்ணாவின் அரசியல் கருத்துகளில் ஈர்க்கப்பெற்று திராவிட முன்னேற்றக் கழகத்தில் இணைந்தார். அண்ணாவின் மறைவுக்குப்பிறகு, கருணாநிதியால் திமுகவிலிருந்து நீக்கப்பட்டார். அதன் பின் அண்ணா திராவிட முன்னேற்றக் கழகம் என்ற அரசியல் கட்சியைத் தொடங்கி, தேர்தலில் நின்று தொடர்ந்து மூன்று முறை தமிழகத்தில் வெற்றிபெற்று முதலமைச்சரானார்."
44,ஜெமினி கணேசன்,ஆண்,1920-11-16,புதுக்கோட்டை இந்தியா,,நடிகர்,"ஜெமினி கணேசன் (Gemini Ganesan, 16 நவம்பர் 1920 – 22 மார்ச் 2005) தமிழ்த் திரையுலகில் புகழ் வாய்ந்த நடிகர்களுள் ஒருவராவார். காதல் மன்னன் என்று அழைக்கப்படும் இவர் தமிழ், ஹிந்தி, தெலுங்கு, மலையாளம், கன்னடம் ஆகிய மொழிகளில் 200க்கு மேற்பட்ட திரைப்படங்களில் நடித்துள்ளார்.",
45,வி. கே. ராமசாமி,ஆண்,,"விருதுநகர், மதராஸ் மாகாணம், பிரித்தானிய இந்தியா",,"நடிகர், திரைப்படத் தயாரிப்பாளர்","விருதுநகா். கந்தன். ராமசாமி (V. K. Ramasamy) (1926 - திசம்பர் 24, 2002) ஓர் பழம்பெரும் தமிழ்த் திரைப்பட நகைச்சுவை நடிகர் ஆவார். 1950 மற்றும் 1990 ஆண்டுகளுக்கு இடைப்பட்ட காலத்தில் நடிப்புலகில் இவர் உச்சத்தில் இருந்தார்[1]",1940களில் பாய்ஸ் கம்பெனி என்று அறியப்பட்ட நாடக உலகிலிருந்து திரையுலகு வந்தடைந்தவர்களில் இவரும் ஒருவர். 1947ஆம் ஆண்டு வெளிவந்த நாம் இருவர் என்ற திரைப்படத்தில்  தமது 21ஆம் அகவையில் 60 அகவை கிழவனாராக நடித்து அனைவரின் கவனத்தையும் பெற்றார். விகேஆர் என பரவலாக அறியப்பட்டார். புகழடைந்தாலும் முதுமை வேடங்களில் மட்டுமே நடிக்க வாய்ப்பு கிடைத்தது. ஐம்பது ஆண்டு திரைவாழ்வில் 500க்கும் மேற்பட்ட திரைப்படங்களில் துணைப் பாத்திரங்களில் நடித்துள்ளார்.
46,எம். ஆர். ராதா,ஆண்,1907-04-14,"சென்னை, இந்தியா",,"நடிகர்
","எம். ஆர். ராதா (ஏப்ரல் 14, 1907 – செப்டம்பர் 17, 1979) தமிழ்த் திரையுலகின் ஒரு முன்னணி நகைச்சுவை மற்றும் வில்லன் நடிகரும் புகழ் பெற்ற மேடை நாடக நடிகருமாவார்.",
47,மா. நா. நம்பியார்,ஆண்,,"கேரளா, இந்தியா",,திரைப்பட நடிகர்,"மாஞ்சேரி நாராயணன் நம்பியார் அல்லது சுருக்கமாக எம். என். நம்பியார் (மார்ச் 7[1], 1919 - நவம்பர் 19, 2008) தமிழ்த் திரையுலகில் ஒரு பழம்பெரும் நடிகர் ஆவார்.[2] ஏறக்குறைய 60 ஆண்டுகளுக்கும் மேல் தமிழ்த் திரையுலகின் தலைசிறந்த நடிகர்களுள் ஒருவராக இருந்தார். குணச்சித்திரம் மற்றும் எதிர் நாயகனாக (வில்லன்) எண்ணற்ற திரைப்படங்களில் நடித்தார்.",வேலன் போன்ற சில தொலைக்காட்சித் தொடர்களிலும் நடித்துள்ளார்.
48,ஜெய்சங்கர்,ஆண்,1938-07-12,"சென்னை, இந்தியா",இரவும் பகலும்,திரைப்பட நடிகர்,"ஜெய்சங்கர் (Jaishankar, சூலை 12, 1938 - சூன் 3, 2000) புகழ் பெற்ற தமிழ்த் திரைப்பட நடிகர் ஆவார். சங்கர் என்ற இயற்பெயர் கொண்ட இவருக்கு இவரது முதல் திரைப்படத்தின் இயக்குனர் ஜோசப் தளியத், ஜெய் என்ற பெயர்ச் சேர்க்கையை அளித்தார்.",
49,ரவிச்சந்திரன்,ஆண்,1937-07-24,"கோலாலம்பூர், மலேசியா",,"நடிகர், இயக்குநர்","ரவிச்சந்திரன் (சூலை 24, 1937 – சூலை 25, 2011) தமிழ்த் திரைப்பட நடிகர். 1960கள்-70களில் கதாநாயகனாகவும் பின்னர் குணச்சித்திர வேடங்களிலும் நடித்தவர். திரைப்பட இயக்குனராகவும் பணியாற்றி உள்ளார்[1].",
50,ஜே. பி. சந்திரபாபு,ஆண்,1927-08-05,"தூத்துக்குடி, இந்தியா",,"நகைச்சுவை நடிகர், இயக்குநர், பின்னணிப் பாடகர், நடனம்","சந்திரபாபு (J.P.Chandrababu) (ஆகத்து 5, 1927 – மார்ச் 8, 1974) தமிழ்த் திரையுலகின் தலைசிறந்த நகைச்சுவை நடிகர்களில் ஒருவராகவும் சிறந்த பாடகராகவும் விளங்கியவர்.","சந்திரபாபு தூத்துக்குடியில் கிறித்தவக் குடும்பத்தில் பிறந்தவர்.[1] ஜோசப்பிச்சை என்னும் பெயரிடப்பட்ட இவரைப் பாபு என்று செல்லமாக அழைத்து வந்தனர். இவர், சந்திரகுல வம்சத்தில் பிறந்திருந்த காரணத்தால்  தமது பெயரைப் பின்னாளில் சந்திரபாபு என  மாற்றிக் கொண்டார்.[சான்று தேவை]"
51,மேஜர் சுந்தரராஜன்,ஆண்,1925-03-01,"தேனி, பெரியகுளம், சென்னை மாகாணம் இந்தியா",,"நடிகர், இயக்குனர், திரைக்கதாசிரியர்
","மேஜர் சுந்தரராஜன் என்று பரவலாக அறியப்பட்ட சுந்தரராஜன் (மார்ச்சு 1, 1935 – மார்ச்சு 1, 2003), 1965 முதல் 2003 வரை தமிழ்த் திரைப்படங்களில் நடித்து வந்த ஓர் திரைப்பட நடிகர்.[1][2][3] மேஜர் சந்திரகாந்த் என்ற மேடைநாடகத்திலும் பின்னர் அதே பெயரிலான திரைப்படத்திலும் அவர் சிறப்பாக முன்னணி வேடத்தில் நடித்ததை ஒட்டி அவர் மேஜர் சுந்தர்ராஜன் என்று அழைக்கப்படலானார். திரைப்படங்களில் இவரது குரல்வளமைக்காகவும், உச்சரிப்புத் தெளிவிற்காகவும் சிறப்பானவராகக் கருதப்பட்டார்.",
52,அக்சரா ஹாசன்,பெண்,1991-10-12,"சென்னை, தமிழ்நாடு, இந்தியா",ஷமிதாப்,திரைப்பட நடிகை,"அக்சரா ஹாசன் (பி. 12 அக்டோபர் 1991) திரைப்பட நடிகை, திரைக்கதை ஆசிரியர், உதவி இயக்குநர் என பன்முகத் தன்மை கொண்டவராவார். இவர் பிரபல திரைப்பட நடிகரான கமல்ஹாசனின் 2வது மகளாவார். நடிகை சுருதி ஹாசன் இவரது மூத்த சகோதரியாவார். இவர் ஷமிதாப், விவேகம், கடாரம் கொண்டான் போன்ற படங்களில் நடித்துள்ளார்.[1]",
53,அகானா,பெண்,,,,நடிகை,"அஹானா (Ahana) என்பவர் ஒரு இந்திய நடிகை ஆவார். இவர் முதன்மையாக தமிழ் திரையுலகில் பணியாற்றுகிறார். மலையாள, கன்னட படங்களிலும் நடித்துள்ளார்.",
54,அஞ்சலி,பெண்,1986-06-16,"ராஜமுந்திரி, ஆந்திரப் பிரதேசம், இந்தியா",சத்தமின்றி முத்தமிடு,"நடிகை, முன்னாளர்.",ஆரம்பகால வாழ்க்கை:,"அஞ்சலி ஆந்திராவின் கிழக்கு கோதாவரி மாவட்டத்தின் ரசோலில் பிறந்தார். இவருக்கு இரண்டு சகோதரர்களும் ஒரு சகோதரியும் உள்ளனர். [6] அவர் தனது பள்ளிப்படிப்பை ரசோலில் முடித்தார் [7] பின்னர் தமிழ்நாட்டில் உள்ள சென்னைக்குச் சென்றார். அங்கு இவர் தனது படிப்பைத் தொடர்ந்தார், கணிதத்தில் பட்டம் பெற்றார். [8] தனது கல்வியை முடித்த பின்னர், அவர் குறும்படங்களில் நடிக்கத் தொடங்கினார். இது திரைப்படத் துறையில் நுழைவதற்கு வழி வகுத்தது. [9] அஞ்சலி தனது பெற்றோருக்கு ஒரு நடிகராவதற்கான அபிலாஷைகள் இருப்பதாகவும், அவர்கள் மூலம் ""அவர்களின் கனவுகளை அவர்கள் உணர்ந்தார்கள்"" என்றும் குறிப்பிட்டார். [8]"
55,அதிதி பாலன்,பெண்,,"சென்னை, தமிழ்நாடு, இந்தியா",அருவி,திரைப்பட நடிகை,அதிதி பாலன் (பிறப்பு 1990) ஓர் தென்னிந்தியத் திரைப்பட நடிகை ஆவார். தமிழ்த் திரைப்படங்களில் நடித்து வருகிறார். அருவி திரைப்படத்தில் இடம்பெற்ற அருவி கதாபாத்திரத்தின் மூலமாக புகழ்பெற்றார்.[1][2],
56,அதிதி ராவ் ஹைதாரி,பெண்,1986-10-28,"ஐதராபாத்து, ஆந்திரப் பிரதேசம் (தற்போதைய தெலுங்கானா), இந்தியா",சிரிங்காரம்,"நடிகை, பாடகர்","அதிதி ராவ் ஹைதாரி (Aditi Rao Hydari (பிறப்பு: அக்டோபர் 28, 1986) என்பவர் இந்திய நடிகை, பாடகர் ஆவார். இவர் இந்தி மற்றும் தமிழ் திரைப்படங்களில் பெரும்பான்மையாக நடித்துள்ளார். இவர் ஐதராபாத்து (இந்தியாவில்) புகழ்பெற்ற குடும்பத்தில் பிறந்தார்.[1] இவர் இரண்டு அரச வம்சாவளியைச் சேர்ந்தவர். அக்பர் ஹைதாரி மற்றும் ஜே. ராமேஷ்வர் ராவினுடைய பெயர்த்தி ஆவார். இவரின் முதல் திரைப்படம் 2007  ஆம் ஆண்டில் தமிழில் வெளிவந்த சிருங்காரம் எனும் திரைப்படம் ஆகும். இந்தப் படத்தில் தேவதாசி  கதாபாத்திரத்தில் நடித்தார். இது விமர்சகர்களிடையே இவருக்கு நல்ல வரவேற்பைப் பெற்றுத் தந்தது.","2011 ஆம் ஆண்டில் வெளிவந்த ஏ சாலி சிந்தகி எனும் திரைப்படத்தில் சுதிர் மிஷ்ரா கதாபாத்திரத்தில் நடித்ததன் மூலமாக இவர் பிரபலமடைந்தார். இந்தப் படத்தில் நடித்தற்காக சிறந்த துணை நடிகை விருது (ஸ்கிரீன் விருது) பெற்றார். வணிக ரீதியிலான பல வெற்றிப் படங்களில் துணைக் கதாபாத்திரமாக நடித்துள்ளார். இவற்றில் 2011 இல் வெளிவந்த ராக்ஸ்டார் மற்றும் 2013 இல் வெளிவந்த மர்டர் -3, பாஸ், 2016 இல் வாசிர் ஆகியவை அடங்கும். 2018 ஆம் ஆண்டில் வெளிவந்த வரலாறு தொடர்பான  பத்மாவத் திரைப்படத்தில் அலாவுதீன் கில்சியின் மனைவியான மெஹ்ருனிசாக் கதாபாத்திரத்தில் நடித்தார். இது விமர்சகரீதியிலும் வணிக ரீதியிலும் நல்ல வரவேற்பைப் பெற்றது."
57,அம்பிகா,பெண்,1962-11-16,"கல்லாரா, திருவனந்தபுரம், கேரளம், இந்தியா",சீதா,"நடிகை
","அம்பிகா  ஒரு திரைப்பட நடிகை. அவர் தமிழ், கன்னடம், மலையாளம், தெலுங்கு படங்களில் நடித்துள்ளார்.தற்போது நாயகி என்ற சீரியலில் நடித்து வருகிறார். அவரது சகோதரி ராதாவும் சமகாலத்தில் திரைப்பட நடிகையாகத் திகழ்ந்தார்.",
58,அருந்ததி,பெண்,,"இந்திய ஒன்றியம், கருநாடகம், பெங்களூர்",போதி நாயக்கரின் கணேசன்,நடிகை,"அருந்ததி (பிறப்பு பத்மா; 3, மார்ச், 1994), என்பவர் ஒரு இந்திய திரைப்பட நடிகையாவார். குறிப்பாக இவர்  தமிழ் மற்றும் கன்னட திரைப்படங்களில் தோன்றியுள்ளார். அருந்ததி  தமிழ் திரைப்படத்துறையில் எஸ். ஏ. சந்திரசேகர் தயாரித்த வெளுத்து கட்டு (2013) படத்தின் வழியாக அறிமுகமானார், இவருக்கு அருந்ததி என்ற திரைப் பெயரை எஸ். ஏ. சந்திரசேகர் கொடுத்தார். அதன்  பிறகு போடிநாயக்கனூர் கணேசன் (2011), சுண்டாட்டம் (2014, அக்ரஜா (2014), நேற்று இன்று (2014), நாய்கள் ஜாக்கிரதை (2014), தொட்டால் தொடரும் (2015), அர்த்தநாரி (2016), காலா (2018) உள்ளிட்ட ஏராளமான தமிழ் படங்களில் முக்கிய கதாபாத்திரங்களில் நடித்தார் .",2014 அருந்ததி கன்னட படமான அக்ரஜா என்ற படத்தில் ஒரு சிறப்புத் தோற்றத்தில்  தர்ஷனுடன்  நடித்தார். மேலும் சிபி சத்யராஜுக்கு  ஜோடியாக நகைச்சுவை-பரபரப்பூட்டும் படமான நாய்கள் ஜாக்கிரதை (2014) திரைப்படத்துக்குப் பிறகு  தமன் குமார் உடன் தமிழ் காதல் பரபரப்பூட்டும் திரைப்படமான தொட்டால் தொடரும் படத்தில் நடித்தார் . 2018 ஆம் ஆண்டில் இவர் காலாவில் நடித்தார்.
59,சகீலா,பெண்,,"கோடம்பாக்கம், மெட்ராஸ், இந்தியா",பிளே கேர்ள்ஸ்,"திரைப்பட நடிகை
","சகீலா (பிறப்பு: சனவரி 1977) குணசித்திர வேடங்களிலும், நகைச்சுவை வேடங்களிலும் நடிக்கும் இந்திய நடிகையாவார். 15வது வயதில் ப்ளே கேள்ஸ் என்ற படத்தில் துணை நடிகையாக அறிமுகமானார். இவர் பாலுணர்வுக் கிளர்ச்சியத் திரைப்பட நடிகையுமாவார்.",
60,கீர்த்தி சுரேஷ்,பெண்,1992-10-17,"சென்னை, தமிழ்நாடு,  இந்தியா",கீதாஞ்சலி,திரைப்பட நடிகை,"கீர்த்தி சுரேஷ் (Keerthy Suresh) ஓர் இந்தியத் திரைப்பட நடிகை ஆவார். தமிழ், மலையாளம், தெலுங்கு உள்ளிட்ட தென்னிந்திய மொழித் திரைப்படங்களில் நடித்து வருகிறார்.[1] 2000களில் குழந்தை நட்சத்திரமாக அறிமுகமான இவர், 2013  ஆண்டில் கீதாஞ்சலி எனும் மலையாளத் திரைப்படத்தின் மூலமாக கதாநாயகியாக அறிமுகமானார். இவர் தமிழில் விக்ரம் பிரபு நடித்த இது என்ன மாயம் திரைப்படத்தில் நடித்துள்ளார்.",
61,குஷ்பூ,பெண்,1970-09-29,மும்பை,ஜானோ,"நடிகைதயாரிப்பாளர்அரசியல்வாதிதொலைக்காட்சி தொகுப்பாளர்
","குஷ்பூ (இயற்பெயர்: நக்கர்த் கான், பிறப்பு: செப்டம்பர் 29, 1970) தமிழகத் திரைப்பட நடிகை மற்றும் அரசியல்வாதி ஆவார். இவர் தற்போது பாரதிய ஜனதா கட்சியில் உள்ளார்.","1980களில் குழந்தை நட்சத்திரமாக தன் திரைப்பட வாழ்க்கையைத் தொடங்கினார். 1989 ஆம் ஆண்டு வருஷம் 16 என்ற தமிழ்த் திரைப்படத்தில் கதாநாயகியாக அறிமுகமானார். 1990களில் தமிழ்த் திரைப்பட உலகின் முன்னணி கதாநாயகியாகத் திகழ்ந்தார். கன்னடம், மலையாளம் போன்ற பிற மொழிப் படங்களிலும் நடித்தார். பின்னர் திரைப்பட இயக்குனர் சுந்தர் சி.யை மணந்தார்.[2] தற்போது குணச்சித்திர வேடங்களில் நடித்து வருகிறார். தமிழ்த் தொலைக்காட்சி நிகழ்ச்சிகளில் தொகுப்பாளினியாகவும் நடுவராகவும் பணியாற்றி வருகிறார். தன் கணவர் சுந்தர். சி கதாநாயகனாக நடிக்கும் படங்களை “அவ்னி சினிமாக்ஸ்” என்ற படத்தயாரிப்பு நிறுவனம் மூலம் தயாரித்து வருகிறார்.[3]"
62,கார்த்திகா நாயர்,பெண்,1992-06-27,,ஜோஸ்,"நடிகை, மாடல்",,"கார்த்திகா நாயர் (Karthika nair) தென்னிந்தியத் திரைப்பட நடிகையாவார். இவர் தமிழ், தெலுங்கு, கன்னடம்,  மலையாளத் திரைப்படங்களில் நடித்து வருகின்றார். இவர் நடிகை ராதாவின் மூத்த மகள் ஆவார். 2009 ஆம் ஆண்டு ஜோஷ் என்ற தெலுங்குத் திரைப்படத்தின் மூலம் அறிமுகமானார். 2011 ஆம் ஆண்டு கோ என்ற திரைப்படத்தின் மூலம் தமிழ்த் திரைப்பட உலகிற்கு அறிமுகமானார்."
63,கஸ்தூரி,பெண்,1974-05-01,"சென்னை, தமிழ்நாடு",ஆத்தா உன் கோயிலிலே,"நடிகை, வடிவழகி","கஸ்தூரி (பிறப்பு: மே 1, 1974) என்பவர் தமிழ்நாட்டை  சேர்ந்த நடிகை ஆவார். இவர் தமிழ், மலையாளம், தெலுங்கு, கன்னடம் போன்ற தென்னிந்திய மொழித் திரைப்படங்களில் நடித்துள்ளார். இவர் 1992 'மிஸ் மெட்ராஸ்' அழகிப் போட்டியில் வென்றுள்ளார். 1991 ஆம் ஆண்டு முதல் ஆத்தா உன் கோயிலிலே, ராசாத்தி வரும் நாள் (1991), சின்னவர் (1992), செந்தமிழ்ப் பாட்டு (1992), அமைதிப்படை (1994) போன்ற பல திரைப்படங்களில் நடித்துள்ளார். மற்றும் 2019 ஆம் ஆண்டு பிக் பாஸ் தமிழ் 3 என்ற நிகழ்ச்சியிலும் போட்டியாளராக பங்குபெற்றுள்ளார்.",
64,கமலினி முகர்ஜி,பெண்,,,பிர் மிலிகே,"திரைப்பட நடிகை
","கமலினி முகர்ஜி (பிறப்பு: மார்ச் 4, 1980) இந்தியத் திரைப்பட நடிகை ஆவார். கொல்கத்தாவில் பிறந்து வளர்ந்தவர். ஆங்கிலத்தில் பட்டப்படிப்பு முடித்திருக்கிறார். ஃபிர் மிலேங்கே இவர் நடித்த முதல் திரைப்படமாகும். ஆனந்த், கோதாவரி, வேட்டையாடு விளையாடு ஆகியவை இவர் நடித்த வெற்றிப்படங்களில் சில.",
65,அமலா பால்,பெண்,1991-10-26,"கொச்சி, கேரளா, இந்தியா",நீல தாமரை,நடிகை,"அமலா பால் (பிறப்பு: அக்டோபர் 26, 1991) ஒரு தமிழ் திரைப்பட நடிகை. சிந்து சமவெளி திரைப்படம் வாயிலாக அறிமுகமான அமலா பால், மைனா திரைப்படத்தில் நடித்ததின் மூலமாக அனைவரின் கவனத்தையும் ஈர்த்தார். பின்னர் வெளிவந்த திரைப்படங்கள், அவரை நட்சத்திர நடிகையாக உயர்த்தியது.[1]",
66,அபிராமி சுரேஷ்,பெண்,1995-10-09,"கொச்சி, கேரளம், இந்தியா",கேரளேட்சவம்,நடிகைபாடகர்இசையமைப்பாளர்இசைக் கோப்பாளர்நிகழ்படம்காணொளி நிகழ்ச்சித் தொகுப்பாளர்வடிவழகிதொழில் முனைவோர்,"அபிராமி சுரேஷ் (Abhirami Suresh) (பிறப்பு 9 அக்டோபர் 1995) இந்தியாவைச் சேர்ந்த ஓர் நடிகையும், பாடகியும், இசைக்கலைஞரும், இசையமைப்பாளரும், நிகழ்படத் தொகுப்பாளரும் ஆவார். இவர் தனது நடிப்புத் தொழிலை தான் குழந்தையாக (12 வயதில்) இருக்கும்போது ஹலோ குட்டிச்சாத்தான் என்ற மலையாளத்ட் தொலைக்காட்சித் தொடரின் மூலம் ஏசியாநெட்டில் தொடங்கினார்.மேலும் இவரது முதல் இசை இவரது 14 வயதில் வெளியிடப்பட்டது. பிவேர் ஆப் டாக்ஸ் (நாய்கள் ஜாக்கிரதை) (2014) என்ற ஒரு படத்தில் மீரா என்ற பெண் கதாபாத்திரத்தில் முதலில் நடித்தார்.  கப்பா தொலைக்காட்சியில் டியர் கப்பா என்ற இசை நிகழ்ச்சியின் தொகுப்பாளராகவும் இவர் அறியப்படுகிறார். அபிராமியும் இவரது சகோதரி அமிர்தா சுரேஷும் தங்களின் சொந்த இசை இசைக்குழுவான அம்ருதம் கமயாவின் முன்னணி பாடகர்கள்.[1] இவர்கள் தங்கள் யூடியூப் அலைவரிசையான அம்ருதம் காமய் - ஏஜி -யில் ஏஜி வலைப்பூ தொடர் மூலம் காணொலிப் பதிவு செய்வதற்கும் பெயர் பெற்றவர்கள்.",
67,ஐஸ்வர்யா ராய்,பெண்,1973-11-01,"மங்களூர், கர்நாடகா, இந்தியா",இருவர்,திரைப்பட நடிகர்,"ஐஸ்வர்யா ராய் (பி. நவம்பர் 1, 1973) பிரபல இந்திய நடிகை. 1994 இல் உலக அழகியாகத் தேர்வு செய்யப்பட்டவர். இந்தி, தமிழ், பெங்காலி, ஆங்கில மொழிப் படங்களில் நடித்து வருகிறார். மணிரத்னத்தின் இருவர் படத்தில் அறிமுகமானார். இவர் 2007 ஆம் ஆண்டு அபிஷேக் பச்சனைத் திருமணம் செய்துக்கொண்டார்.",
68,ஐஸ்வர்யா இலட்சுமி,பெண்,1991-09-06,"கேரளம், இந்தியா",நிஜண்டுகலுடே நாட்டில் ஒரிடவேல,நடிகைவடிவழகி,"ஐஸ்வர்யா இலட்சுமி (Aishwarya Lekshmi)(பிறப்பு: செப்டம்பர் 6, 1991) ஓர் இந்திய நடிகையும், வடிவழகியுமாவார். இவர் மலையாளப் படங்களில் முக்கியமாக பணியாற்றுகிறார். ஒரு சில தமிழ் படங்களிலும் நடித்து வருகிறார். 2014 ஆம் ஆண்டில் ஒரு வடிவழகியாக தனது வாழ்க்கையைத் தொடங்கிய இவர், 2017 ஆம் ஆண்டில் நண்டுகளூடெ நாட்டில் ஓரிடவேளா படத்தின் மூலம் தனது நடிப்பில் அறிமுகமானார்.[2]","இவர் மாயநதி (2017), வரதன் (2018), விஜய் சூப்பரும் பௌர்ணமியும் (2019), அர்ஜென்டினா பேன்ஸ் காட்டூர்கடவு (2019) போன்ற படங்களில் தோன்றினார். ஆக்சன் (2019) என்ற படத்தின் மூலம் தமிழில் அறிமுகமானார். பின்னர் ஜகமே தந்திரம் (2021) படத்தில் நடித்தார். இவர் சிறந்த தென்னிந்திய அறிமுக நடிகைக்கான பிலிம்பேர் விருது உட்பட பல விருதுகளை பெற்றுள்ளார்.[3]"
69,ஐஸ்வர்யா ராஜேஷ்,பெண்,1990-01-10,"திருப்பூர், தமிழ்நாடு",நீதானா அவன்,"நடிகை, தொலைக்காட்சி தொகுப்பாளர்","ஐஸ்வர்யா ராஜேஷ் (Aishwarya Rajesh) ஒரு இந்தியத் திரைப்பட நடிகை ஆவார். இவர் தமிழ், தெலுங்கு மலையாள மொழித் திரைப்படங்களில் நடித்து வருகிறார். இவர் சன் தொலைக்காட்சியில் அசத்தப்போவது யாரு... நிகழ்ச்சித் தொகுப்பாளராக முதலில் தனது பணியை ஆரம்பித்தார். கலைஞர் தொலைக்காட்சியில் மானாட மயிலாட போட்டி நிகழ்ச்சியில் கலந்து கொண்டு வெற்றி பெற்றதை அடுத்து, நீதானா அவன் (2010) தமிழ்த் திரைப்படத்தில் நடித்தார். அட்டகத்தி (2012) திரைப்படத்தில் அமுதா என்ற பாத்திரத்தில் நடித்துப் புகழ் பெற்றார். 2017 இல் டாடி என்ற இந்தித் திரைப்படத்தில் அர்ஜூன் ராம்பாலுடன்  இணைந்து நடித்தார். வெற்றிமாறனின் வட சென்னை திரைப்படத்தில் பத்மா என்ற பாத்திரமாகவும், கனா திரைப்படத்தில் பெண் துடுப்பாட்டாளராகவும் நடித்துப் பெரும் புகழ் பெற்றார். 2014 இல் காக்கா முட்டை திரைப்படத்தில் நடித்தமைக்காக சிறந்த நடிகைக்கான தமிழக அரசு திரைப்பட விருது இவருக்குக் கிடைத்தது.[1]",
70,எல். விஜயலட்சுமி,பெண்,,,பாதை தெரியுது பார்,திரைப்பட நடிகர்,"எல். விஜயலட்சுமி தென்னிந்தியத் திரைப்பட நடிகையும், பரதநாட்டியக் கலைஞரும் ஆவார். 1960களில் தமிழ், தெலுங்கு, மலையாளம், இந்தி என நூற்றுக்கும் அதிகமான திரைப்படங்களில் நடித்தவர். தற்போது புலம் பெயர்ந்து அமெரிக்காவில் வாழ்ந்து வருகிறார்[1].",
71,கஜோல்,பெண்,1974-08-05,"மும்பை, இந்தியா",பேகுடி,"நடிகை
","கஜோல் (வங்காள: কাজল, மராத்தி: काजोल) (பிறப்பு ஆகஸ்ட் 5, 1974[1][2]) ஒரு இந்தித் திரைப்பட நடிகை ஆவார். 1992–2001 காலப்பகுதியிலும் பின்னர் 2006 இலிருந்தும் நடிக்கிறார். இவரது கணவர் அஜய் தேவ்கான். இவர்களுக்கு ஒரு மகள் உள்ளார். கஜோலின் தங்கை தனிஷாவும் ஒரு திரைப்பட நடிகையாவார்.",
72,அனு ஹாசன்,பெண்,1970-07-15,"திருச்சி, தமிழ் நாடு, இந்தியா",இந்திரா,"நடிகை, வடிவழகி, தொகுப்பாளர், தொழில் முனைவோர்
","அனு ஹாசன் (பிறப்பு - சூலை 15, 1970) தமிழ் திரைப்பட நடிகையும் தொலைக்காட்சி தொகுப்பாளரும் ஆவார். இயக்குனர் சுஹாசினி தனது இந்திரா திரைப்படத்தின் மூலம் அனு ஹாசனை அறிமுகப்படுத்தினார். அன்றிலிருந்து தமிழ்ப்படங்களில் முக்கியமான துணைப்பாத்திரங்களில் நடித்து வருகிறார். விஜய் தொலைக்காட்சியில் காஃபி வித் அனு என்னும் பிரபலங்களை நேர்காணும் நிகழ்ச்சியை மூன்று பருவங்களிற்கு தொகுத்து வழங்கினார். இவர் தொழில் முனைவோர், வடிவழகி, இசைக்கலைஞர், தற்காப்புக் கலை நிபுணர் என பன்முகத்தன்மை கொண்டவர்.",
73,கே. ஆர். விஜயா,பெண்,1947-11-30,"திருச்சூர் கேரளம், இந்தியா",கர்ப்பகம்,நடிகை,"கே. ஆர். விஜயா ஓர் இந்திய நடிகை. தமிழ், கன்னடம், மலையாளம், தெலுங்கு போன்ற தென்னிந்திய மொழிப் படங்கள் உட்பட சுமார் 400 திரைப்படங்களில் நடித்துள்ளார். புன்னகை அரசி என அழைக்கப்படும் நடிகை இவர்.[1]",
74,சாய் பல்லவி,பெண்,,,பிரேமம்,"நடிகை,நடனமாடுபவர்,பாடகி","சாய் பல்லவி செந்தாமரை (Sai Pallavi Senthamarai) என்பவர் திரைப்பட நடிகை ஆவார்.பொதுவாக சாய் பல்லவி என்ற பெயரால் அறியப்படுகிறார்.[1] இவர் 1992 ஆம் ஆண்டு மே மாதம் 9 ஆம் நாள் பிறந்தார்.  இந்திய நடிகையும், நடனக் கலைஞருமான இவர் தென்னிந்திய திரைப்படங்களில் மிகவும் பிரபலமாக பேசப்பட்டு வருகிறார். 2015 ஆம் ஆண்டில் வெளிவந்து மாபெரும் வெற்றிப் படமாக ஓடிய மலையாளத் திரைப்படமான பிரேமம் திரைப்படத்தில் மலர் என்ற கதாபாத்திரத்தில் நடித்ததன் மூலம்  பொதுமக்களின் கவனத்தை இவர் ஈர்த்தார். பின்னர் இதைத் தொடர்ந்து 2016 ஆம் ஆண்டில் வெளியான கலி என்ற திரைப்படத்தில் துல்கர் சல்மானுடன் இணைந்து நடித்தார். வருண் தேச்சுடன் இணைந்து பானுமதி என்ற கதாபாத்திரத்தில் காதல் படமான பிடாவில் நடித்ததன் மூலம் 2017 இல் தெலுங்கு திரைப்பட உலகில்  அறிமுகமானார். தொலைக்காட்சியில்  பிடா திரைப்படம் ஒளிபரப்பப்பட்டபோது தொலைக் காட்சிகளுக்கான தரவரிசையில் ஐந்தாவது முறையாக அதிகபட்ச இலக்கு அளவீட்டுப் புள்ளியை எட்ட இப்படம் காரணமாக இருந்தது.[2][3]",சாய் பல்லவி  தன்னுடைய தொழில் மூலம்   சுகாதாரத்துறையுடன் தொடர்பில் இருந்தார். 2016 ஆம் ஆண்டு சியார்ச்சியா திபிலீசி மாநில மருத்துவப் பல்கலைக் கழகத்தில் தன்னுடைய மருத்துவப் பட்டத்தைப் பெற்றார்.[4]
75,சாலினி,பெண்,1979-11-20,"திருவல்லா, கேரளா, இந்தியா",எண்டே மமடிகுட்டியம்மாக்கு,திரைப்பட நடிகர்,"சாலினி (பிறப்பு: நவம்பர் 20, 1979) தென்னிந்தியத் திரைப்பட நடிகை ஆவார். இவர் பேபி சாலினி என்ற பெயரில் குழந்தை நட்சத்திரமாகத் தமிழ்த் திரைக்கு அறிமுகமானார். தனது மூன்றாவது வயதில் நடிக்கத் தொடங்கிய இவர் தமிழ், மலையாளம் ஆகிய மொழிகளில் ஏறத்தாழத் தொண்ணூறு படங்களில் நடித்துள்ளார். தமிழ் திரைப்பட நடிகர் அஜித் குமாரைத் திருமணம் செய்த பின்னர் நடிப்பிலிருந்து விலகினார்.",
76,சிம்ரன்,பெண்,1976-04-04,"மும்பை, மகாராஷ்டிரா, இந்தியா",சனம் ஹர்ஜா,திரைப்பட நடிகர்,"சிம்ரன் (ஆங்கில மொழி: Simran, பிறப்பு:ஏப்ரல் 4, 1976)[1][2][3] இந்தியத் திரைப்பட நடிகை ஆவார்.","சிம்ரனின் இயற்பெயர் ரிஷிபாமா இவர் மும்பையில் பஞ்சாபி குடும்பத்தில் பிறந்தவர். தூர்தர்ஷனின் மெட்ரோ சானலில் சூப்பர் ஹிட் முகாபுலா என்ற நிகழ்ச்சியைத் தொகுத்து வழங்கியதன் மூலம்  இந்தி திரையுலகில் நுழைந்தார். 1995-இல் இவரது முதல் படம் சனம் ஹர்ஜாய் தோல்விப் படமாக அமைந்தது. 1996 ஆம் ஆண்டின் இறுதியில் வெளியான தேரே மேரே சப்னே இவரது முதல் வெற்றிப் படமாகும். இதற்கிடையில் மலையாளத்தில் மம்முட்டியுடன் இந்திரபிரஸ்தம், கன்னடத்தில் சிவராஜ்குமாருடன் சிம்ஹடா மாரி படத்திலும்  அப்பாய் காரி பெல்லி என்ற தெலுங்குப் படத்திலும் நடித்தார். இவற்றுக்குப் பிறகு 1997 ஆம் ஆண்டு ஒன்ஸ்மோர் திரைப்படத்தின் மூலம் தமிழ்த் திரைப்படத்துறைக்கு அறிமுகமானார்.[4]"
77,சுருதி ஹாசன்,பெண்,1986-01-28,"சென்னை, தமிழ்நாடு, இந்தியா",லக்,"பாடகர்நடிகர்இசையமைப்பாளர்
","சுருதிஹாசன் (Shruti Haasan, பிறப்பு: சனவரி 28, 1986) பாடகர், இசையமைப்பாளர் மற்றும் திரைப்பட நடிகை என பல்வேறு துறைகளில் தன்னை வெளிப்படுத்தி வருகிறார். பிரபல தமிழ் நடிகர் கமல்ஹாசன் மற்றும் நடிகை சரிகா ஆகியோரின் மகள் ஆவார்.[1]",
78,நிக்கி கல்ரானி,பெண்,1993-01-03,"பெங்களூரு, கர்நாடகம், இந்தியா",1983,திரைப்பட நடிகை,"நிக்கி கல்ரானி ஓர் இந்தியத் திரைப்பட நடிகை ஆவார்.[2] டார்லிங், யாகாவாராயினும் நா காக்க , மரகத நாணயம் உள்ளிட்ட தமிழ்த் திரைப்படங்களில் நடித்துள்ளார். சிந்தி சமூகத்தைச் சார்ந்த இவர் பெங்களூருவில் வசித்து வருகிறார்.[3] ஓர் காதல் செய்வீர் திரைப்படத்தில் நடித்த நடிகை சஞ்சனா கல்ரானி இவரது அக்கா.",
79,நயன்தாரா,பெண்,1984-11-18,"பெங்களூர், கருநாடகம், இந்தியா",மானசிங்கரே,நடிகைதிரைப்படத் தயாரிப்பாளர்,"நயன்தாரா (Nayanthara, பிறப்பு: நவம்பர் 18, 1984; இயற்பெயர் - டயானா மரியா குரியன்), தென்னிந்தியத் திரைப்பட நடிகை ஆவார்.[9][10][11] 2003 ஆம் ஆண்டு மனசினகாரே என்ற மலையாள மொழித் திரைப்படம் மூலம் திரைப்படத்துறைக்கு அறிமுகமான நயன்தாரா, 2005 ஆம் ஆண்டு ஐயா திரைப்படத்தின் மூலம் தமிழ்த் திரைப்படத்துறைக்கு அறிமுகம் ஆனார். இவர் பெண்களை மையமாகக் கொண்டிருக்கும் கதைகளைத் தேர்ந்தெடுத்து நடித்துக் கொண்டிருக்கிறார், இதனால் இவர் தமிழ் சினிமாவில் 2010 களில் தொடங்கி இன்று வரை பெண் சூப்பர் ஸ்டார் என்று கருதப்படுகிறார்.[10]",
80,நக்மா,பெண்,1974-12-25,"மும்பை, இந்தியா",பாஹி,திரைப்பட நடிகர்,"நந்திதா மொராஜி (நர்மதா சாதனா) அல்லது பிரபலமாக நக்மா (இந்தி: नघमा) தமிழ், இந்தி, மற்றும் தெலுங்கு திரைப்பட நடிகையாவார். 1993 -1997 இற்கு இடைப்பட்ட காலத்தில் இவர் தமிழ்த் திரைப்படத்துறையில் முக்கிய கதாநாயகியாக இருந்தார்[1]. இவரது தாயார் இஸ்லாம் மதத்தையும், தந்தையார் இந்து மததையும் சேர்ந்தவராவார். இவர் நடிகை ஜோதிகாவின் சகோதரியாவார்.[2] இவர் நடிப்பை பாலிவூட்டில் ஆரம்பித்தார் எனினும் சிலத் திரைப்படங்களுக்குப் பின் தென்னிந்திய திரைப்படங்களில் நடிக்கத் தொடங்கினார். இங்கு இவருக்கு நல்ல வரவேற்புக் கிட்டியது. இவர் இந்தி, மராத்தி, தமிழ், தெலுங்கு, மற்றும் ஆங்கில மொழிகளில் தேர்ச்சிப் பெற்றவர் ஆவார். மேலும் இவர் இந்தி, தமிழ், தெலுங்கு, கன்னடம், மலையாளம், வங்காளி, போஜ்பூரி, பஞ்சாபி, மராத்தி ஆகிய மொழி திரைப்படங்களிலும் நடித்துள்ளார்.[3]",தமிழில் ரஜினிகாந்துடன் பாட்ஷா படத்தில் மற்றும் காதலன் திரைப்படத்தில் பிரபுதேவாவுடன் நடித்துப் புகழ் பெற்றார். காதலன் திரைப்படத்துக்காக இவருக்கு பிலிம்பேர் விருது வழங்கப்பட்டது.
81,நிவேதா தாமஸ்,பெண்,1995-11-02,,வெருதே ஒரு பார்யா,நடிகை,"நிவேதா தாமஸ் (Nivetha Thomas, பிறப்பு: 02 நவம்பர் 1995) என்பவர் இந்திய நடிகை ஆவார். இவர் தமிழ் மற்றும் மலையாள மொழித் திரைப்படங்களிலும், மற்றும் சின்னத்திரை தொடர்களிலும் நடித்து வருகின்றார்.",
82,பத்மினி,பெண்,1932-06-12,"திருவனந்தபுரம், திருவிதாங்கூர்",கல்பனா,திரைப்பட நடிகர்,"பத்மினி (சூன் 12, 1932 - செப்டம்பர் 24, 2006) பிரபல இந்திய நடிகை ஆவார். தமிழ், தெலுங்கு, மலையாளம், கன்னடம், இந்தி ஆகிய மொழிப்படங்களில் நடித்தும் நாட்டியமாடியும் புகழ் பெற்றவர். நாட்டியப் பேரொளி எனப் பெயர் எடுத்தவர்.",
83,பானுப்ரியா,பெண்,1966-01-15,"ஆந்திரப் பிரதேசம், இந்தியா",மெல்ல பேசுங்கள்,திரைப்பட நடிகர்,"பானுப்ரியா (தெலுங்கு: భానుప్రియ ) ஒரு இந்திய நடிகை. இவர் 1980 முதல் - 1993 வரை தமிழ், தெலுங்கு, கன்னடம், மலையாளம் உள்ளிட்ட மொழிகளில் முன்னணி நடிகையாகத் திகழ்ந்தார். இவர் 1990-களில் சில இந்தித் திரைப்படங்களிலும் நடித்துள்ளார்.",
84,மேகா ஆகாஷ்,பெண்,1995-10-26,"சென்னை, தமிழ்நாடு",ஒரு பக்க் கதை,நடிகை,"மேகா ஆகாஷ் (26 அக்டோபர் 1995) என்பவர் தமிழ் நாட்டை சேர்ந்த தமிழ்த் திரைப்பட நடிகை ஆவார். 2017 இல் இருந்து  லை (2017), வந்தா ராஜாவாதான் வருவேன் (2019), பேட்ட (2019) போன்ற தெலுங்கு, தமிழ் மற்றும் இந்தி மொழித் திரைப்படங்களில் பணியாற்றி வருகிறார்.[1]",
85,பார்வதி ஓமனகுட்டன்,பெண்,1987-12-20,"சங்கனாச்சேரி, கேரளா, இந்தியா",யுனைட்டட் சிக்ஸ்,திரைப்பட நடிகர்,"பார்வதி ஓமனகுட்டன் (மலையாளம்: പാര്‍വ്വതി ഓമനക്കുട്ടന്‍; பிறப்பு டிசம்பர் 20, 1987) ஒரு இந்திய மாடல் மற்றும் நடிகை. 2008 ல் மிஸ் இந்தியா வேர்ல்டு பட்டத்தையும் பின்னர் மிஸ் வேர்ல்டு 2008 போட்டியில் இரண்டாவது இடத்தையும் பெற்றார். பார்வதி, ஓமனகுட்டன் நாயருக்கு முதல் குழந்தையாக  கேரளாவில் உள்ள கோட்டயத்தில் டிசம்பர் 20, 1987 அன்று பிறந்தார். இவர் எஸ் சி டி பி உயர்நிலை பள்ளி பயின்றார். பின்னர் மும்பை மிதிபாய் கல்லூரியில் ஆங்கில இலக்கியம் படித்தார்.",
86,பாவனா,பெண்,1986-06-06,"திருச்சூர், கேரளா  இந்தியா",நம்மல்,திரைப்பட நடிகர்,"பாவனா (பிறப்பு - ஜூன் 6, 1986, திருச்சூர், கேரளா) தமிழ், மலையாளத் திரைப்பட நடிகையாவார். தமிழ் திரையுலகில் சித்திரம் பேசுதடி திரைப்படத்தின் மூலம் பாவனா அறிமுகமானவர் . வெயில் திரைப்படத்தில் சிறப்பாக நடித்ததற்காக பாரட்டுகள் கிடைத்தது. தீபாவளி, ஜெயம் கொண்டான், அசல் ஆகிய திரைப்படங்கள் இவருக்கு ஏராளமான ரசிகர்களை பெற்று தந்தது.",
87,பிந்து மாதவி,பெண்,1986-06-14,"மதனப்பள்ளி, ஆந்திரப் பிரதேசம், இந்தியா,",ஓம் சாந்தி,நடிகை,பிந்து மாதவி (தெலுங்கு: బిందు మాధవి) ஒர் தமிழ்த் திரைப்பட நடிகையாவார். இவர் தெலுங்குத் திரைப்படங்களிலும் நடித்துள்ளார்  இவர் 2008 ஆம் ஆண்டு வெளிவந்த பொக்கிஷம் தமிழ்த் திரைப்படத்தின் மூலம் தமிழ்த் திரையுலகிற்கு அறிமுகமானார்.,
88,பிரியா ஆனந்து,பெண்,1986-09-17,"சென்னை, தமிழ் நாடு, இந்தியா",புகைப்படம்,நடிகை,"பிரியா ஆனந்து தமிழ், தெலுங்கு, இந்தி திரைப்பட நடிகையாவார். தெலுங்கில் வெளியான லீடர் மற்றும் தமிழில் வெளியான வாமனன் திரைப்படத்தில் கதாநாயகியாக அறிமுகமானவர். மேலும் இவர் பாலிவுட் திரைப்படமான இங்கிலிஷ் விங்கிலிஷ் திரைபடத்தில் சிறப்பு கதாபாத்திரத்தில் நடித்து பிரபலமானவர்.",
89,ராணி முகர்ஜி,பெண்,1978-03-21,"கொல்கத்தா, மேற்கு வங்காளம், இந்தியா",பியேர்,"திரைப்பட நடிகை
","ராணி முகர்ஜி (வங்காள: রাণী মুখার্জী) 21, மார்ச் 1978 இல் பிறந்தார். இவர் பாலிவுட் படங்களில் நடிக்கும் ஓர் இந்திய திரைப்பட நடிகை ஆவார்.
ராஜா கி ஆயேகி பாராத் என்கிற படத்தில் அறிமுகமாகிய முகர்ஜி, கரன் ஜோகரின் குச் குச் ஹோதா ஹே என்கிற காதல் திரைப்படத்தில் தன்னுடைய முதல் வணிக வெற்றியைப் பெற்றார். அவரது மிகப்பெரிய வெற்றிப்படம் இதுவே. மற்றும் இந்தப்படத்தில் சிறந்த துணை நடிகைக்கான ஃபிலிம்ஃபேர் விருதைப் பெற்றார். அதன் பிறகு அவர் நிறைய படங்களில் நடித்தார். ஆனால் எல்லாப் படங்களும் எதிர்பார்த்ததற்குக் குறைவான வெற்றியையே கண்டது. பிறகு அவர் சாத்தியா என்கிற வணிகரீதியாக வெற்றிபெற்ற திரைப்படத்தில் நடித்து அவரது நிலையை தக்கவைத்தார். இத்திரைப்படத்திற்கு அவருக்குப் பல விருதுகள் கிடைத்தன.[1]","2004 ஆம் ஆண்டில், அவருடைய இரு திரைப்படங்கள், ஹம் தும் மற்றும் யுவா, அவருக்குச் சிறந்த நடிகை மற்றும் சிறந்த துணை நடிகைக்கான ஃபிலிம்ஃபேர் விருதை வழங்கியது. அதுமட்டும் இல்லாமல் இத்திரைப்படங்களே இவருக்கு இரு மிகப் பெரிய விருதுகளை ஒரே வருடத்தில் வாங்கிய முதல் நடிகை என்ற புகழையும் கொடுத்தது. செவிடு, ஊமை மற்றும் கண் பார்வையற்ற பெண்ணாக நடித்த பிளாக் என்கிற படத்திற்கு அவருக்கு ஒருமனதான பாராட்டும் கிடைத்தது. அத்துடன் பல விருதுகளும் கிடைத்து அவர் பாலிவுட் படங்களில் ஒரு முன்னணி நடிகையாய்த் திகழ்ந்தார்."
90,மகிமா நம்பியார்,பெண்,,"காசர்கோடு, கேரளம், இந்தியா",கார்யஸ்தன்,"நடிகை, மாடல், பாடகி",மகிமா நம்பியார் என்பவர் தென்னிந்திய நடிகை ஆவார்.  தமிழ் மற்றும் மலையாளம் திரைப்படங்களளில் பணியாற்றியுள்ளார்.,
91,ஜெனிலியா,பெண்,1987-08-05,"மும்பை, இந்தியா",துஜ்கே மேரி கசம்,திரைப்பட நடிகர்,"ஜெனிலியா (ஹரிணி) (பிறப்பு: ஆகஸ்ட் 5, 1987, இந்தியா) இந்தியத் திரைப்பட நடிகை ஆவார். தமிழ், தெலுங்கு, இந்தி, கன்னட மொழித் திரைப்படங்களில் நடித்து உள்ளார். இயக்குனர் சங்கர் தனது பாய்ஸ் திரைப்படத்தின் மூலம் ஜெனிலியாவை அறிமுகப்படுத்தினார். பின்னர், நடிகர் விஜய், பரத், ஜெயம் ரவி ஆகியோர் படங்களில் நடித்துள்ளார்.  சந்தோஷ் சுப்பிரமணியம் படத்தில் ஹாசினியாக குதூகலம், குறும்புத்தனம் மிக்கப் பெண்ணாக நடித்து அனைத்து தரப்பு மக்களையும் கவர்ந்தார்.",
92,ஜெ. ஜெயலலிதா,பெண்,1948-02-24,"மேல்கோட்டை, மைசூர், இந்தியா",வெண்ணிற ஆடை,"நடிகைஅரசியல்வாதிகொடையாளர்
","ஜெ. ஜெயலலிதா (J. Jayalalithaa, 24 பிப்ரவரி 1948 - 5 டிசம்பர் 2016), முன்னாள் தமிழக முதல்வரும், அரசியல் தலைவரும், பிரபல முன்னாள் தென்னிந்தியத் திரைப்பட நடிகையும் ஆவார். இவர் தமிழக முதலமைச்சராக ஐந்து முறை  பதவி வகித்துள்ளார். இவர் 1991 முதல் 1996 வரையும், 2001 ஆம் ஆண்டில் சில மாதங்களும், பின்னர் 2002 முதல் 2006 வரையும், 2011 முதல் 2014 வரையும் இருந்தார். 2015 மே 23 முதல் இறக்கும் வரையில் (5 திசம்பர் 2016) முதலமைச்சராகப் பணி புரிந்தார். அண்ணா திராவிட முன்னேற்றக் கழகத்தின் பொதுச் செயலாளராக இருந்த இவரை ""புரட்சித் தலைவி"" எனவும் ""அம்மா"" எனவும் இவரது ஆதரவாளர்கள் அழைத்தனர்.தனது தொட்டில் குழந்தை திட்டத்துக்காக ஐக்கிய நாடுகள் சபையில் (ஐ.நா சபை) மத்தியில் கைதட்டைப் பெற்ற இந்தியாவை சார்ந்த முதல் பெண் முதலமைச்சர் இவரே ஆவார்.[2][3][4]","அரசியலுக்கு நுழைவதற்கு முன்னர் இவர் 120 க்கும் மேற்பட்ட தமிழ், தெலுங்கு, கன்னட மொழித் திரைப்படங்களில் முன்னணிப் பாத்திரங்களில் நடித்திருந்தார்."
93,ரம்யா நம்பீசன்,பெண்,,"கொச்சி, கேரளா, இந்தியா",சகானம்,"நடிகை, தொலைக்காட்சி தொகுப்பாளர், பாடகர்",ரம்யா நம்பீசன் இந்தியத் திரைப்பட நடிகையாவார். இவர் 1996ல் காத்தபுருசன் என்ற மலையாளத் திரைப்படத்தின் மூலம் நடிகையானார்.,
94,பார்வதி மேனன்,பெண்,1988-04-07,"கோழிக்கோடு, கேரளம்,  இந்தியா",அவுட் ஒப் சிலபஸ்,நடிகர்,"பார்வதி திருவோத்து (பிறப்பு: ஏப்ரல் 7, 1988)[2] என்றும் பார்வதி என்றும் அறியப்படும் இந்திய நடிகை கேரள மாநிலத்தில் கோழிக்கோட்டில் பிறந்தார். இவர் மலையாளம், தமிழ் ஆகிய மொழித் திரைப்படங்களில் நடித்துள்ளார்.[3]","மலையாளத்தில் 2006ல் அவுட் ஆப் சிலபஸ் என்ற படத்தின் மூலம் திரைத்துறையில் அறிமுகமானார். பின்பு 2008 ஆம் ஆண்டு வெளியான பூ என்ற திரைப்படத்தின் மூலம் தமிழில் அறிமுகமானவர், மற்றும் மரியான் திரைப்படத்திலும் நடித்துள்ளார்.[4] பூ திரைப்படத்திற்காக தமிழின் சிறந்த நடிகைக்கான பிலிம்பேர் விருதினைப் பெற்றுள்ளார். அத்தோடு விஜய் டிவியின் புதுமுக நடிகைக்கான விருதையும் பெற்றுள்ளார்."
95,விஜயசாந்தி,பெண்,1966-06-24,"சென்னை, தமிழ்நாடு,  இந்தியா",காலுக்குள் ஈரம்,"திரைப்பட நடிகை, அரசியல்வாதி
","விஜயசாந்தி (Vijayashanti பிறப்பு: 24 சூன் 1966) ஒரு இந்திய திரைப்பட நடிகை மற்றும் இந்திய அரசியல்வாதி ஆவார். இவர் 2004இல் அரசியலில் சேருவதற்கு முன்னர் 186 திரைப்படங்களில் தமிழ், தெலுங்கு, மலையாளம், கன்னடம், மற்றும் இந்தி உள்ளிட்ட மொழிகளில் நடித்துள்ளார். அதிரடி திரைப்படங்களில் நடித்ததன் மூலமாக இவர் தென்னிந்தியாவின் லேடி சூப்பர் ஸ்டார் என அழைக்கப்படுகிறார். 1991ல் வெளியான கார்தவ்யம் திரைப்படத்தில் நடித்ததற்காக சிறந்த நடிகைக்கான இந்திய தேசிய திரைப்பட விருதினை வென்றார். சிறந்த தெலுங்கு நடிகைக்கான பிலிம்பேர் விருதினை ஐந்து முறையும், ஆந்திர மாநில அரசின் நந்தி விருதினை நான்கு முறையும் வென்றுள்ளார். மேலும் தென்னிந்திய வாழ்நாள் சாதனையாளருக்கான பிலிம்பேர் விருதையும் வென்றுள்ளார்.",
96,வைபவி சாண்டில்யா,பெண்,1994-05-27,,ஜனிவா,நடிகை,"வைபவி சாண்டில்யா (Vaibhavi Shandilya) என்பவர் ஒரு இந்திய திரைப்பட நடிகை ஆவார். இவர் தமிழ், கன்னடம், மராத்தி மொழி படங்களில் பணியாற்றுகிறார். மராத்தி திரைப்படமான ஜானிவா (2015) படத்தில் அறிமுகமான இவர், ஏக் அல்பேலா (2015), சக்க போடு போடு ராஜா (2017), இருட்டு அறையில் முரட்டு குத்து (2018), கேப்மாரி (2019) உள்ளிட்ட படங்களில் நடித்துள்ளார்.",
97,லாஸ்லியா மரியனேசன்,பெண்,1996-03-23,"கிளிநொச்சி, இலங்கை",பிரண்ட்சிப்,"செய்தி வாசிப்பாளர், தொலைக்காட்சிக் கலைஞர், நடிகை","லொஸ்லியா மரியநேசன் (பிறப்பு: 23 மார்ச்சு 1996) என்பவர் இலங்கையைச் சேர்ந்த தமிழ் செய்தி வாசிப்பாளரும், திரைப்பட நடிகையும் ஆவார். இவர் பிக் பாஸ் தமிழ் 3 நிகழ்ச்சியில் ஒரு போட்டியாளராக பங்குபற்றினார்.[1][2][3] இவர் நடித்த முதல் திரைப்படம் பிரண்ட்ஷிப் 2021 செப்டம்பர் 17 இல் வெளியானது.",
98,லட்சுமி மேனன்,பெண்,1996-05-26,"கொச்சி, கேரளா, இந்தியா",கும்கி,"நடிகை, நடனக் கலைஞர், பாடகர்","லட்சுமி மேனன் (பிறப்பு: மே 26, 1996) கேரளாவைப் பூர்வீகமாகக் கொண்ட இந்தியத் திரைப்பட நடிகை ஆவார். இவர் தமிழ் மற்றும் மலையாளத் திரைப்படங்களில் நடித்துள்ளார். முதலில் மலையாளத்தில் வெளிவந்த ரகுவிண்டெ சுவந்தம் ரசியா (2011) என்ற திரைப்படத்தில் நடித்தார். வணிகரீதியான வெற்றியைத் தேடித்தந்த, சுந்தர பாண்டியன் மற்றும் கும்கி திரைப்படங்களின் மூலமாக தமிழ்த் திரைப்படவுலகில் பெயர் பெற்றார்.[1]",
99,மம்தா மோகன்தாஸ்,பெண்,,"மனாமா, பஹ்ரைன்",மயேக்கம்,"நடிகை, பின்னணிப் பாடகி","மம்தா மோகன்தாஸ் (Mamta Mohandas) இந்தியத் திரைப்பட நடிகை மற்றும் பின்னணிப் பாடகி ஆவார். இவர் மலையாளம், தெலுங்கு மற்றும் தமிழ் மொழிப் படங்களில் நடித்துள்ளார்.  இவர் 2006இல் தெலுங்கு படத்திற்காக சிறந்த பெண் பின்னணிப் பாடகிக்கான பிலிம்பேர் விருதினையும்,  2010இல் மலையாளப் படத்திற்காக சிறந்த நடிகைக்கான பிலிம்பேர் விருதினையும் பெற்றுள்ளார். இரண்டாவது துணை நடிகைக்கான கேரள மாநில அரசின் விருதினை 2010இல் பெற்றுள்ளார்.",
100,மது சாலினி,பெண்,1983-07-21,"ஐதராபாத்து, ஆந்திரப் பிரதேசம்",கிதகிதலு,"நடிகை, தொகுப்பாளினி","மது சாலினி ஓர் இந்தியத் திரைப்பட நடிகையும் தொகுப்பாளினியும் ஆவார். குச்சிப்புடி நடனத்தை நன்கு கற்ற நடனக் கலைஞர் ஆவார். இவர் தமிழ், தெலுங்கு, இந்தித் திரைப்பட நடிகையாவார்.",
101,பூஜா ஹெக்டே,பெண்,1990-10-13,"மும்பை, மகாராஷ்டிரா, இந்தியா",முகமூடி,நடிகை,பூஜா ஹெக்டெ என்பவர் இந்தியத் திரைப்பட நடிகை. 2010 ஆம் ஆண்டிற்கான மிஸ் யுனிவர்சு அழகிப் போட்டியில் இரண்டாம் இடத்தைப் பிடித்தார். மிஷ்கின் இயக்கத்தில் ஜீவாவுடன் முகமூடி என்ற தமிழ்த் திரைப்படத்தின் மூலம் திரையுலகிற்கு அறிமுகமானார். [1],
102,மனோரமா,பெண்,1937-05-26,"மன்னார்குடி, தமிழ்நாடு[",மாலையிட்ட மங்கை,திரைப்பட நடிகர்,"மனோரமா (26 மே 1937 - 10 அக்டோபர் 2015) தென்னிந்தியத் திரைப்பட நடிகை ஆவார். நகைச்சுவைக் கதாபாத்திரங்களில் தனது திறனை வெளிப்படுத்திய இவர் 1500 திரைப்படங்களுக்கு மேல் நடித்தார்.[2] இவர் தமிழ்த் திரையுலகினராலும், தமிழ்த் திரைப்பட ரசிகர்களாலும் 'ஆச்சி' என அன்போடு அழைக்கப்பட்டார்.","இவர் தென்னிந்தியாவின் ஐந்து முதலமைச்சர்களுடன் நடித்த பெருமை கொண்டவர். கா. ந. அண்ணாதுரை, மு. கருணாநிதி ஆகிய இருவரும் நாடக மேடைகளில் மனோரமாவுடன் நடித்திருக்கிறார்கள். தவிர ஜெயலலிதா மற்றும் ம. கோ. இராமச்சந்திரன் இவருடன் தமிழ்த் திரைப்படங்களில் நடித்திருக்கிறார்கள். மேலும் என். டி. ராமராவ் தெலுங்கு படங்களில் இவருடன் நடித்திருக்கிறார்."